Date,Day_of_Week,Month,Time,Source,Action,Entry_Price,Target_Price,Stop_Loss,Risk_Reward_Ratio,Profit_Target_Percentage,Market_Sentiment,Technical_Pattern,Support_Level,Resistance_Level,Expected_Movement,Sector_Insight,Nifty_Range
2024-11-29,Friday,November,9:00 AM - MARKET OPEN,India Today Business,BUY,25985.0,27129.8,25714.73,1:4.24,4.41%,STRONG BULLISH,Golden Cross | Resistance at 27000,25997,26847,UPSIDE: 184 points,"IT sector weakness capping gains | TCS, Infosys selling pressure",25997 - 26847
2024-12-02,Monday,December,9:00 AM - MARKET OPEN,India Today Business,SELL,25814.4,25239.0,26308.1,1:1.17,2.23%,NEUTRAL,RSI Overbought | Consolidation Zone,25907,26884,DOWNSIDE: 165 points,"Realty sector gaining traction | DLF, Oberoi up",25907 - 26884
2024-12-03,Tuesday,December,9:00 AM - MARKET OPEN,India Today Business,SELL,26356.8,25442.47,26822.86,1:1.96,3.47%,NEUTRAL,Breakout above 26500 | Momentum Building,25880,26870,DOWNSIDE: 160 points,Cement stocks stable | UltraTech holding ground,25880 - 26870
2024-12-04,Wednesday,December,9:00 AM - MARKET OPEN,India Today Business,BUY,25861.2,26397.33,25429.36,1:1.24,2.07%,BULLISH,Double Bottom | Reversal Expected,25801,26994,UPSIDE: 131 points,"Chemical sector focus | Atul, Bayer gains on exports",25801 - 26994
2024-12-05,Thursday,December,9:00 AM - MARKET OPEN,India Today Business,SELL,26227.6,25287.08,26592.28,1:2.58,3.59%,NEUTRAL,Head & Shoulders | Downside Risk,25934,26850,DOWNSIDE: 190 points,"FMCG holding support | ITC, HUL steady amid volatility",25934 - 26850
2024-12-06,Friday,December,9:00 AM - MARKET OPEN,India Today Business,SELL,25580.0,24613.74,25897.38,1:3.04,3.78%,BULLISH,Bearish Divergence | Profit Taking,25910,26969,DOWNSIDE: 190 points,DII support strong | Domestic funds accumulating,25910 - 26969
2024-12-09,Monday,December,9:00 AM - MARKET OPEN,India Today Business,BUY,25904.4,27188.56,25580.7,1:3.97,4.96%,NEUTRAL,Triangle Breakout | Directional Move,25888,26841,UPSIDE: 110 points,Energy stocks leading | Oil majors positive on crude rally,25888 - 26841
2024-12-10,Tuesday,December,9:00 AM - MARKET OPEN,India Today Business,BUY,26275.8,27213.58,25924.73,1:2.67,3.57%,NEUTRAL,Higher High-Higher Low | Bull Run Continues,25888,26865,UPSIDE: 195 points,Cement stocks stable | UltraTech holding ground,25888 - 26865
2024-12-11,Wednesday,December,9:00 AM - MARKET OPEN,India Today Business,SELL,26251.2,25072.76,26636.32,1:3.06,4.49%,NEUTRAL,Bullish Engulfing | Support at 26000,25834,26861,DOWNSIDE: 75 points,DII support strong | Domestic funds accumulating,25834 - 26861
2024-12-12,Thursday,December,9:00 AM - MARKET OPEN,India Today Business,BUY,26362.6,27232.34,25880.88,1:1.81,3.3%,BULLISH,Support Breach | Watch 25800,25818,26983,UPSIDE: 55 points,"Banking stocks driving rally | HDFC Bank, ICICI Bank, Axis Bank gains",25818 - 26983
2024-12-13,Friday,December,9:00 AM - MARKET OPEN,India Today Business,SELL,25853.0,25143.73,26363.08,1:1.39,2.74%,NEUTRAL,Higher High-Higher Low | Bull Run Continues,25803,26805,DOWNSIDE: 53 points,"Metals weakness | Tata Steel, JSW Steel under pressure",25803 - 26805
2024-12-16,Monday,December,9:00 AM - MARKET OPEN,India Today Business,SELL,25661.4,24881.31,26010.68,1:2.23,3.04%,STRONG BULLISH,Bollinger Bands Squeeze | Volatility Expected,25874,26868,DOWNSIDE: 102 points,Telecom strength | Bharti Airtel gains on tariff hikes,25874 - 26868
2024-12-17,Tuesday,December,9:00 AM - MARKET OPEN,India Today Business,BUY,26512.8,27556.35,26238.81,1:3.81,3.94%,NEUTRAL,Triangle Breakout | Directional Move,25990,26851,UPSIDE: 84 points,Cement stocks stable | UltraTech holding ground,25990 - 26851
2024-12-18,Wednesday,December,9:00 AM - MARKET OPEN,India Today Business,BUY,26198.2,27421.28,25876.04,1:3.8,4.67%,STRONG BULLISH,Support Breach | Watch 25800,25910,26815,UPSIDE: 137 points,FII flows remain positive | Foreign buying continues,25910 - 26815
2024-12-19,Thursday,December,9:00 AM - MARKET OPEN,India Today Business,BUY,26577.6,27479.59,26273.32,1:2.96,3.39%,NEUTRAL,Breakout above 26500 | Momentum Building,25820,26923,UPSIDE: 169 points,Cement stocks stable | UltraTech holding ground,25820 - 26923
2024-12-20,Friday,December,9:00 AM - MARKET OPEN,India Today Business,SELL,26003.0,25462.18,26428.83,1:1.27,2.08%,NEUTRAL/BEARISH,Moving Average Crossover | Trend Change,25971,26952,DOWNSIDE: 130 points,"Auto sector rally on festival demand | Maruti, Bajaj strong",25971 - 26952
2024-12-23,Monday,December,9:00 AM - MARKET OPEN,India Today Business,SELL,26549.4,25264.43,26834.82,1:4.5,4.84%,BULLISH,Double Bottom | Reversal Expected,25861,26952,DOWNSIDE: 139 points,"Auto sector rally on festival demand | Maruti, Bajaj strong",25861 - 26952
2024-12-24,Tuesday,December,9:00 AM - MARKET OPEN,India Today Business,BUY,26371.8,27151.38,26010.44,1:2.16,2.96%,MODERATELY BULLISH,Bearish Divergence | Profit Taking,25852,26963,UPSIDE: 162 points,Q3 earnings season | Corporate profits robust,25852 - 26963
2024-12-26,Thursday,December,9:00 AM - MARKET OPEN,India Today Business,BUY,26045.2,26878.01,25591.59,1:1.84,3.2%,NEUTRAL,Bollinger Bands Squeeze | Volatility Expected,25852,26822,UPSIDE: 84 points,DII support strong | Domestic funds accumulating,25852 - 26822
2024-12-27,Friday,December,9:00 AM - MARKET OPEN,India Today Business,BUY,26277.6,27129.73,25759.95,1:1.65,3.24%,BULLISH,Golden Cross | Resistance at 27000,25831,26809,UPSIDE: 180 points,"Realty sector gaining traction | DLF, Oberoi up",25831 - 26809
2024-12-30,Monday,December,9:00 AM - MARKET OPEN,India Today Business,BUY,26426.0,27333.67,26107.56,1:2.85,3.43%,BULLISH,Golden Cross | Resistance at 27000,25946,26950,UPSIDE: 183 points,Energy stocks leading | Oil majors positive on crude rally,25946 - 26950
2024-12-31,Tuesday,December,9:00 AM - MARKET OPEN,India Today Business,BUY,25906.4,26720.91,25619.69,1:2.84,3.14%,NEUTRAL,Bullish Engulfing | Support at 26000,25924,26897,UPSIDE: 161 points,"FMCG holding support | ITC, HUL steady amid volatility",25924 - 26897
2025-01-01,Wednesday,January,9:00 AM - MARKET OPEN,India Today Business,SELL,26191.8,25239.59,26667.52,1:2.0,3.64%,NEUTRAL,Head & Shoulders | Downside Risk,25987,26896,DOWNSIDE: 150 points,DII support strong | Domestic funds accumulating,25987 - 26896
2025-01-02,Thursday,January,9:00 AM - MARKET OPEN,India Today Business,SELL,25882.2,24732.27,26286.09,1:2.85,4.44%,BULLISH,Breakout above 26500 | Momentum Building,25896,26958,DOWNSIDE: 127 points,Q3 earnings season | Corporate profits robust,25896 - 26958
2025-01-03,Friday,January,9:00 AM - MARKET OPEN,India Today Business,BUY,26306.6,26923.2,26016.4,1:2.12,2.34%,MODERATELY BULLISH,Bearish Divergence | Profit Taking,25884,26912,UPSIDE: 128 points,"Banking stocks driving rally | HDFC Bank, ICICI Bank, Axis Bank gains",25884 - 26912
2025-01-06,Monday,January,9:00 AM - MARKET OPEN,India Today Business,BUY,25991.0,26875.88,25603.21,1:2.28,3.4%,BULLISH,Bollinger Bands Squeeze | Volatility Expected,25934,26813,UPSIDE: 147 points,"IT sector weakness capping gains | TCS, Infosys selling pressure",25934 - 26813
2025-01-07,Tuesday,January,9:00 AM - MARKET OPEN,India Today Business,BUY,26391.4,27000.71,26022.56,1:1.65,2.31%,NEUTRAL/BULLISH,Higher High-Higher Low | Bull Run Continues,25930,26957,UPSIDE: 154 points,"Pharma rotation | Dr Reddy, Sun Pharma outperformers",25930 - 26957
2025-01-08,Wednesday,January,9:00 AM - MARKET OPEN,India Today Business,SELL,26639.8,26072.3,26979.34,1:1.67,2.13%,NEUTRAL,RSI Overbought | Consolidation Zone,25867,26958,DOWNSIDE: 160 points,Cement stocks stable | UltraTech holding ground,25867 - 26958
2025-01-09,Thursday,January,9:00 AM - MARKET OPEN,India Today Business,BUY,25721.2,26855.93,25391.57,1:3.44,4.41%,NEUTRAL/BULLISH,Moving Average Crossover | Trend Change,25800,26808,UPSIDE: 122 points,"FMCG holding support | ITC, HUL steady amid volatility",25800 - 26808
2025-01-10,Friday,January,9:00 AM - MARKET OPEN,India Today Business,BUY,26173.6,27429.96,25877.57,1:4.24,4.8%,STRONG BULLISH,Support Breach | Watch 25800,25896,26844,UPSIDE: 175 points,"Realty sector gaining traction | DLF, Oberoi up",25896 - 26844
2025-01-13,Monday,January,9:00 AM - MARKET OPEN,India Today Business,BUY,25782.0,26537.35,25269.57,1:1.47,2.93%,NEUTRAL/BEARISH,Head & Shoulders | Downside Risk,25861,26875,UPSIDE: 177 points,"Auto sector rally on festival demand | Maruti, Bajaj strong",25861 - 26875
2025-01-14,Tuesday,January,9:00 AM - MARKET OPEN,India Today Business,BUY,26070.4,26724.9,25713.74,1:1.84,2.51%,NEUTRAL/BULLISH,RSI Overbought | Consolidation Zone,25857,26947,UPSIDE: 163 points,"Pharma rotation | Dr Reddy, Sun Pharma outperformers",25857 - 26947
2025-01-15,Wednesday,January,9:00 AM - MARKET OPEN,India Today Business,SELL,26451.8,25454.49,26840.18,1:2.57,3.77%,MODERATELY BULLISH,Higher High-Higher Low | Bull Run Continues,25815,26904,DOWNSIDE: 108 points,Q3 earnings season | Corporate profits robust,25815 - 26904
2025-01-16,Thursday,January,9:00 AM - MARKET OPEN,India Today Business,SELL,25870.2,24618.83,26212.35,1:3.66,4.84%,MODERATELY BULLISH,Double Bottom | Reversal Expected,25889,26928,DOWNSIDE: 140 points,"Chemical sector focus | Atul, Bayer gains on exports",25889 - 26928
2025-01-17,Friday,January,9:00 AM - MARKET OPEN,India Today Business,BUY,26656.6,27523.75,26192.67,1:1.87,3.25%,MODERATELY BULLISH,Moving Average Crossover | Trend Change,25921,26852,UPSIDE: 192 points,"Metals weakness | Tata Steel, JSW Steel under pressure",25921 - 26852
2025-01-20,Monday,January,9:00 AM - MARKET OPEN,India Today Business,BUY,26040.0,27149.35,25629.02,1:2.7,4.26%,NEUTRAL,Higher High-Higher Low | Bull Run Continues,25831,26857,UPSIDE: 74 points,DII support strong | Domestic funds accumulating,25831 - 26857
2025-01-21,Tuesday,January,9:00 AM - MARKET OPEN,India Today Business,BUY,26635.4,27941.88,26122.34,1:2.55,4.91%,BULLISH,Bearish Divergence | Profit Taking,25804,26803,UPSIDE: 140 points,FII flows remain positive | Foreign buying continues,25804 - 26803
2025-01-22,Wednesday,January,9:00 AM - MARKET OPEN,India Today Business,SELL,26108.8,25140.42,26623.6,1:1.88,3.71%,MODERATELY BULLISH,Bollinger Bands Squeeze | Volatility Expected,25996,26809,DOWNSIDE: 143 points,"Infrastructure boom | Larsen & Toubro, L&T Infotech gains",25996 - 26809
2025-01-23,Thursday,January,9:00 AM - MARKET OPEN,India Today Business,BUY,26378.2,27228.86,26097.45,1:3.03,3.22%,MODERATELY BULLISH,Golden Cross | Resistance at 27000,26000,26880,UPSIDE: 114 points,"Infrastructure boom | Larsen & Toubro, L&T Infotech gains",26000 - 26880
2025-01-24,Friday,January,9:00 AM - MARKET OPEN,India Today Business,SELL,25890.6,24804.04,26300.54,1:2.65,4.2%,NEUTRAL/BULLISH,Triangle Breakout | Directional Move,25980,26854,DOWNSIDE: 160 points,FII flows remain positive | Foreign buying continues,25980 - 26854
2025-01-27,Monday,January,9:00 AM - MARKET OPEN,India Today Business,BUY,26637.0,27499.46,26154.98,1:1.79,3.24%,NEUTRAL/BULLISH,Triangle Breakout | Directional Move,25984,26968,UPSIDE: 87 points,"Metals weakness | Tata Steel, JSW Steel under pressure",25984 - 26968
2025-01-28,Tuesday,January,9:00 AM - MARKET OPEN,India Today Business,BUY,26116.4,27101.05,25664.7,1:2.18,3.77%,BULLISH,Triangle Breakout | Directional Move,25903,26940,UPSIDE: 77 points,"IT sector weakness capping gains | TCS, Infosys selling pressure",25903 - 26940
2025-01-29,Wednesday,January,9:00 AM - MARKET OPEN,India Today Business,BUY,26224.8,26800.02,25756.12,1:1.23,2.19%,NEUTRAL,Head & Shoulders | Downside Risk,25972,26873,UPSIDE: 173 points,"Auto sector rally on festival demand | Maruti, Bajaj strong",25972 - 26873
2025-01-30,Thursday,January,9:00 AM - MARKET OPEN,India Today Business,BUY,26406.2,27318.57,26011.2,1:2.31,3.46%,MODERATELY BULLISH,Bearish Divergence | Profit Taking,25900,26902,UPSIDE: 108 points,Cement stocks stable | UltraTech holding ground,25900 - 26902
2025-01-31,Friday,January,9:00 AM - MARKET OPEN,India Today Business,SELL,26597.6,25313.53,27014.73,1:3.08,4.83%,NEUTRAL/BULLISH,Bearish Divergence | Profit Taking,25925,26991,DOWNSIDE: 103 points,Energy stocks leading | Oil majors positive on crude rally,25925 - 26991
2025-02-03,Monday,February,9:00 AM - MARKET OPEN,India Today Business,BUY,26108.0,26870.29,25730.6,1:2.02,2.92%,STRONG BULLISH,Head & Shoulders | Downside Risk,25892,26871,UPSIDE: 63 points,"Pharma rotation | Dr Reddy, Sun Pharma outperformers",25892 - 26871
2025-02-04,Tuesday,February,9:00 AM - MARKET OPEN,India Today Business,SELL,26328.4,25635.91,26843.15,1:1.35,2.63%,NEUTRAL/BEARISH,Breakout above 26500 | Momentum Building,25852,26983,DOWNSIDE: 140 points,DII support strong | Domestic funds accumulating,25852 - 26983
2025-02-05,Wednesday,February,9:00 AM - MARKET OPEN,India Today Business,BUY,25920.8,27021.1,25618.79,1:3.64,4.24%,NEUTRAL/BULLISH,RSI Overbought | Consolidation Zone,25989,26845,UPSIDE: 154 points,"Infrastructure boom | Larsen & Toubro, L&T Infotech gains",25989 - 26845
2025-02-06,Thursday,February,9:00 AM - MARKET OPEN,India Today Business,BUY,26099.2,26844.48,25592.78,1:1.47,2.86%,NEUTRAL,Bollinger Bands Squeeze | Volatility Expected,25845,26814,UPSIDE: 90 points,"Chemical sector focus | Atul, Bayer gains on exports",25845 - 26814
2025-02-07,Friday,February,9:00 AM - MARKET OPEN,India Today Business,BUY,26390.6,27278.02,25922.89,1:1.9,3.36%,NEUTRAL/BULLISH,Golden Cross | Resistance at 27000,25817,26853,UPSIDE: 200 points,Telecom strength | Bharti Airtel gains on tariff hikes,25817 - 26853
2025-02-10,Monday,February,9:00 AM - MARKET OPEN,India Today Business,BUY,26673.0,27498.92,26193.14,1:1.72,3.1%,MODERATELY BULLISH,Bullish Engulfing | Support at 26000,25896,26881,UPSIDE: 166 points,Telecom strength | Bharti Airtel gains on tariff hikes,25896 - 26881
2025-02-11,Tuesday,February,9:00 AM - MARKET OPEN,India Today Business,SELL,25851.4,25177.46,26117.68,1:2.53,2.61%,MODERATELY BULLISH,Bollinger Bands Squeeze | Volatility Expected,25879,26849,DOWNSIDE: 63 points,"IT sector weakness capping gains | TCS, Infosys selling pressure",25879 - 26849
2025-02-12,Wednesday,February,9:00 AM - MARKET OPEN,India Today Business,BUY,26465.8,27209.16,26029.15,1:1.7,2.81%,BULLISH,Breakout above 26500 | Momentum Building,25923,26923,UPSIDE: 81 points,"Chemical sector focus | Atul, Bayer gains on exports",25923 - 26923
2025-02-13,Thursday,February,9:00 AM - MARKET OPEN,India Today Business,BUY,25896.2,26966.65,25406.93,1:2.19,4.13%,NEUTRAL,Bearish Divergence | Profit Taking,25912,26924,UPSIDE: 106 points,"Chemical sector focus | Atul, Bayer gains on exports",25912 - 26924
2025-02-14,Friday,February,9:00 AM - MARKET OPEN,India Today Business,SELL,26600.6,25657.36,26961.85,1:2.61,3.55%,NEUTRAL,Head & Shoulders | Downside Risk,25938,26950,DOWNSIDE: 186 points,FII flows remain positive | Foreign buying continues,25938 - 26950
2025-02-17,Monday,February,9:00 AM - MARKET OPEN,India Today Business,SELL,26128.0,25579.45,26536.17,1:1.34,2.1%,NEUTRAL/BULLISH,RSI Overbought | Consolidation Zone,25903,26847,DOWNSIDE: 117 points,FII flows remain positive | Foreign buying continues,25903 - 26847
2025-02-18,Tuesday,February,9:00 AM - MARKET OPEN,India Today Business,BUY,26073.4,27316.18,25626.41,1:2.78,4.77%,NEUTRAL/BULLISH,Breakout above 26500 | Momentum Building,25918,26982,UPSIDE: 187 points,FII flows remain positive | Foreign buying continues,25918 - 26982
2025-02-19,Wednesday,February,9:00 AM - MARKET OPEN,India Today Business,SELL,26175.8,24884.57,26655.66,1:2.69,4.93%,NEUTRAL,Bullish Engulfing | Support at 26000,25824,26983,DOWNSIDE: 117 points,"Metals weakness | Tata Steel, JSW Steel under pressure",25824 - 26983
2025-02-20,Thursday,February,9:00 AM - MARKET OPEN,India Today Business,BUY,26444.2,27403.96,26109.45,1:2.87,3.63%,BULLISH,Higher High-Higher Low | Bull Run Continues,25955,26881,UPSIDE: 158 points,Energy stocks leading | Oil majors positive on crude rally,25955 - 26881
2025-02-21,Friday,February,9:00 AM - MARKET OPEN,India Today Business,SELL,25946.6,25196.33,26283.02,1:2.23,2.89%,MODERATELY BULLISH,Breakout above 26500 | Momentum Building,25888,26847,DOWNSIDE: 142 points,Q3 earnings season | Corporate profits robust,25888 - 26847
2025-02-24,Monday,February,9:00 AM - MARKET OPEN,India Today Business,BUY,26452.0,27352.86,26076.99,1:2.4,3.41%,STRONG BULLISH,Breakout above 26500 | Momentum Building,25979,26949,UPSIDE: 168 points,"Metals weakness | Tata Steel, JSW Steel under pressure",25979 - 26949
2025-02-25,Tuesday,February,9:00 AM - MARKET OPEN,India Today Business,BUY,26005.4,26835.43,25552.86,1:1.83,3.19%,NEUTRAL/BULLISH,Higher High-Higher Low | Bull Run Continues,25815,26958,UPSIDE: 142 points,"Auto sector rally on festival demand | Maruti, Bajaj strong",25815 - 26958
2025-02-26,Wednesday,February,9:00 AM - MARKET OPEN,India Today Business,BUY,26769.8,27611.01,26288.1,1:1.75,3.14%,NEUTRAL/BULLISH,Triangle Breakout | Directional Move,25807,26842,UPSIDE: 164 points,Telecom strength | Bharti Airtel gains on tariff hikes,25807 - 26842
2025-02-27,Thursday,February,9:00 AM - MARKET OPEN,India Today Business,BUY,26784.2,27330.48,26373.79,1:1.33,2.04%,NEUTRAL,Higher High-Higher Low | Bull Run Continues,25991,26881,UPSIDE: 79 points,"Banking stocks driving rally | HDFC Bank, ICICI Bank, Axis Bank gains",25991 - 26881
2025-02-28,Friday,February,9:00 AM - MARKET OPEN,India Today Business,BUY,26099.6,26740.54,25830.64,1:2.38,2.46%,MODERATELY BULLISH,Bollinger Bands Squeeze | Volatility Expected,25994,26883,UPSIDE: 154 points,"FMCG holding support | ITC, HUL steady amid volatility",25994 - 26883
2025-03-03,Monday,March,9:00 AM - MARKET OPEN,India Today Business,BUY,26069.0,27238.69,25710.41,1:3.26,4.49%,STRONG BULLISH,Double Bottom | Reversal Expected,25930,26999,UPSIDE: 61 points,"Realty sector gaining traction | DLF, Oberoi up",25930 - 26999
2025-03-04,Tuesday,March,9:00 AM - MARKET OPEN,India Today Business,SELL,26470.4,25853.5,26922.41,1:1.36,2.33%,BULLISH,Support Breach | Watch 25800,25860,26859,DOWNSIDE: 71 points,Energy stocks leading | Oil majors positive on crude rally,25860 - 26859
2025-03-05,Wednesday,March,9:00 AM - MARKET OPEN,India Today Business,BUY,26408.8,27239.39,26141.47,1:3.11,3.15%,NEUTRAL,Support Breach | Watch 25800,25977,26877,UPSIDE: 153 points,Energy stocks leading | Oil majors positive on crude rally,25977 - 26877
2025-03-06,Thursday,March,9:00 AM - MARKET OPEN,India Today Business,BUY,26650.2,27521.49,26137.42,1:1.7,3.27%,NEUTRAL,Higher High-Higher Low | Bull Run Continues,25882,26926,UPSIDE: 170 points,"Auto sector rally on festival demand | Maruti, Bajaj strong",25882 - 26926
2025-03-07,Friday,March,9:00 AM - MARKET OPEN,India Today Business,BUY,26538.6,27363.91,26186.45,1:2.34,3.11%,NEUTRAL,Head & Shoulders | Downside Risk,25833,26917,UPSIDE: 51 points,FII flows remain positive | Foreign buying continues,25833 - 26917
2025-03-10,Monday,March,9:00 AM - MARKET OPEN,India Today Business,BUY,26687.0,27809.45,26409.97,1:4.05,4.21%,NEUTRAL,Triangle Breakout | Directional Move,25868,26910,UPSIDE: 188 points,Q3 earnings season | Corporate profits robust,25868 - 26910
2025-03-11,Tuesday,March,9:00 AM - MARKET OPEN,India Today Business,BUY,25981.4,27219.78,25543.37,1:2.83,4.77%,MODERATELY BULLISH,Golden Cross | Resistance at 27000,25875,26933,UPSIDE: 190 points,Cement stocks stable | UltraTech holding ground,25875 - 26933
2025-03-12,Wednesday,March,9:00 AM - MARKET OPEN,India Today Business,BUY,26075.8,27140.79,25562.38,1:2.07,4.08%,STRONG BULLISH,Breakout above 26500 | Momentum Building,25929,26885,UPSIDE: 138 points,"Metals weakness | Tata Steel, JSW Steel under pressure",25929 - 26885
2025-03-13,Thursday,March,9:00 AM - MARKET OPEN,India Today Business,BUY,26495.2,27242.76,26147.34,1:2.15,2.82%,NEUTRAL,Moving Average Crossover | Trend Change,25866,26816,UPSIDE: 156 points,"IT sector weakness capping gains | TCS, Infosys selling pressure",25866 - 26816
2025-03-14,Friday,March,9:00 AM - MARKET OPEN,India Today Business,SELL,26425.6,25182.98,26716.86,1:4.27,4.7%,STRONG BULLISH,RSI Overbought | Consolidation Zone,25897,26994,DOWNSIDE: 136 points,Energy stocks leading | Oil majors positive on crude rally,25897 - 26994
2025-03-17,Monday,March,9:00 AM - MARKET OPEN,India Today Business,SELL,26869.0,25737.14,27372.75,1:2.25,4.21%,NEUTRAL/BULLISH,Triangle Breakout | Directional Move,25817,26876,DOWNSIDE: 113 points,"FMCG holding support | ITC, HUL steady amid volatility",25817 - 26876
2025-03-18,Tuesday,March,9:00 AM - MARKET OPEN,India Today Business,BUY,26703.4,27265.66,26174.4,1:1.06,2.11%,NEUTRAL/BEARISH,Moving Average Crossover | Trend Change,25927,26861,UPSIDE: 135 points,"IT sector weakness capping gains | TCS, Infosys selling pressure",25927 - 26861
2025-03-19,Wednesday,March,9:00 AM - MARKET OPEN,India Today Business,BUY,26140.8,26836.72,25751.24,1:1.79,2.66%,NEUTRAL/BULLISH,RSI Overbought | Consolidation Zone,25819,26891,UPSIDE: 80 points,"Auto sector rally on festival demand | Maruti, Bajaj strong",25819 - 26891
2025-03-20,Thursday,March,9:00 AM - MARKET OPEN,India Today Business,SELL,26875.2,25738.98,27239.67,1:3.12,4.23%,NEUTRAL,Breakout above 26500 | Momentum Building,25925,27000,DOWNSIDE: 63 points,Q3 earnings season | Corporate profits robust,25925 - 27000
2025-03-21,Friday,March,9:00 AM - MARKET OPEN,India Today Business,SELL,26641.6,25815.05,27010.74,1:2.24,3.1%,BULLISH,Support Breach | Watch 25800,25857,26956,DOWNSIDE: 80 points,"Realty sector gaining traction | DLF, Oberoi up",25857 - 26956
2025-03-24,Monday,March,9:00 AM - MARKET OPEN,India Today Business,SELL,26851.0,26210.36,27210.39,1:1.78,2.39%,NEUTRAL,Bearish Divergence | Profit Taking,25875,26854,DOWNSIDE: 196 points,"Metals weakness | Tata Steel, JSW Steel under pressure",25875 - 26854
2025-03-25,Tuesday,March,9:00 AM - MARKET OPEN,India Today Business,SELL,27006.4,26361.87,27333.23,1:1.97,2.39%,BULLISH,RSI Overbought | Consolidation Zone,25939,26835,DOWNSIDE: 86 points,"Infrastructure boom | Larsen & Toubro, L&T Infotech gains",25939 - 26835
2025-03-26,Wednesday,March,9:00 AM - MARKET OPEN,India Today Business,SELL,26221.8,25581.98,26511.11,1:2.21,2.44%,NEUTRAL,Head & Shoulders | Downside Risk,25802,26948,DOWNSIDE: 65 points,"Realty sector gaining traction | DLF, Oberoi up",25802 - 26948
2025-03-27,Thursday,March,9:00 AM - MARKET OPEN,India Today Business,BUY,26192.2,27105.31,25878.25,1:2.91,3.49%,STRONG BULLISH,Bollinger Bands Squeeze | Volatility Expected,25911,26899,UPSIDE: 61 points,Telecom strength | Bharti Airtel gains on tariff hikes,25911 - 26899
2025-03-28,Friday,March,9:00 AM - MARKET OPEN,India Today Business,BUY,26614.6,27635.39,26097.72,1:1.97,3.84%,NEUTRAL/BULLISH,RSI Overbought | Consolidation Zone,25921,26872,UPSIDE: 96 points,"Pharma rotation | Dr Reddy, Sun Pharma outperformers",25921 - 26872
2025-04-01,Tuesday,April,9:00 AM - MARKET OPEN,India Today Business,BUY,26158.0,27013.63,25700.85,1:1.87,3.27%,NEUTRAL,RSI Overbought | Consolidation Zone,25937,26874,UPSIDE: 53 points,Energy stocks leading | Oil majors positive on crude rally,25937 - 26874
2025-04-02,Wednesday,April,9:00 AM - MARKET OPEN,India Today Business,SELL,26673.4,26020.26,26969.69,1:2.2,2.45%,NEUTRAL/BULLISH,RSI Overbought | Consolidation Zone,25887,26888,DOWNSIDE: 100 points,"FMCG holding support | ITC, HUL steady amid volatility",25887 - 26888
2025-04-03,Thursday,April,9:00 AM - MARKET OPEN,India Today Business,SELL,26457.8,25547.48,26983.1,1:1.73,3.44%,BULLISH,Bearish Divergence | Profit Taking,25918,26854,DOWNSIDE: 100 points,Q3 earnings season | Corporate profits robust,25918 - 26854
2025-04-04,Friday,April,9:00 AM - MARKET OPEN,India Today Business,SELL,26234.2,25187.6,26747.14,1:2.04,3.99%,MODERATELY BULLISH,Triangle Breakout | Directional Move,25935,26846,DOWNSIDE: 129 points,"Metals weakness | Tata Steel, JSW Steel under pressure",25935 - 26846
2025-04-07,Monday,April,9:00 AM - MARKET OPEN,India Today Business,SELL,26341.6,25803.01,26710.46,1:1.46,2.04%,NEUTRAL/BULLISH,RSI Overbought | Consolidation Zone,25880,26809,DOWNSIDE: 71 points,"IT sector weakness capping gains | TCS, Infosys selling pressure",25880 - 26809
2025-04-08,Tuesday,April,9:00 AM - MARKET OPEN,India Today Business,BUY,26523.0,27566.47,26090.84,1:2.41,3.93%,MODERATELY BULLISH,Bullish Engulfing | Support at 26000,25982,26809,UPSIDE: 166 points,"IT sector weakness capping gains | TCS, Infosys selling pressure",25982 - 26809
2025-04-09,Wednesday,April,9:00 AM - MARKET OPEN,India Today Business,BUY,26230.4,27035.65,25907.95,1:2.5,3.07%,STRONG BULLISH,Bullish Engulfing | Support at 26000,25912,26976,UPSIDE: 86 points,"IT sector weakness capping gains | TCS, Infosys selling pressure",25912 - 26976
2025-04-10,Thursday,April,9:00 AM - MARKET OPEN,India Today Business,BUY,26776.8,27386.08,26449.16,1:1.86,2.28%,BULLISH,Bearish Divergence | Profit Taking,25963,26885,UPSIDE: 74 points,"Metals weakness | Tata Steel, JSW Steel under pressure",25963 - 26885
2025-04-14,Monday,April,9:00 AM - MARKET OPEN,India Today Business,BUY,26685.2,27778.87,26288.3,1:2.76,4.1%,NEUTRAL,Moving Average Crossover | Trend Change,25885,26892,UPSIDE: 150 points,"IT sector weakness capping gains | TCS, Infosys selling pressure",25885 - 26892
2025-04-15,Tuesday,April,9:00 AM - MARKET OPEN,India Today Business,SELL,26729.6,26185.91,27017.23,1:1.89,2.03%,MODERATELY BULLISH,Double Bottom | Reversal Expected,25982,26856,DOWNSIDE: 156 points,Energy stocks leading | Oil majors positive on crude rally,25982 - 26856
2025-04-16,Wednesday,April,9:00 AM - MARKET OPEN,India Today Business,SELL,26248.0,25472.09,26660.62,1:1.88,2.96%,MODERATELY BULLISH,Bearish Divergence | Profit Taking,25826,26823,DOWNSIDE: 157 points,"Metals weakness | Tata Steel, JSW Steel under pressure",25826 - 26823
2025-04-18,Friday,April,9:00 AM - MARKET OPEN,India Today Business,SELL,26580.4,25677.0,27089.12,1:1.78,3.4%,NEUTRAL,Triangle Breakout | Directional Move,25886,26985,DOWNSIDE: 146 points,FII flows remain positive | Foreign buying continues,25886 - 26985
2025-04-22,Tuesday,April,9:00 AM - MARKET OPEN,India Today Business,SELL,26980.8,25979.66,27278.63,1:3.36,3.71%,NEUTRAL,Bollinger Bands Squeeze | Volatility Expected,25893,26939,DOWNSIDE: 86 points,"FMCG holding support | ITC, HUL steady amid volatility",25893 - 26939
2025-04-23,Wednesday,April,9:00 AM - MARKET OPEN,India Today Business,BUY,26140.2,26759.66,25691.75,1:1.38,2.37%,BULLISH,Bullish Engulfing | Support at 26000,25998,26906,UPSIDE: 127 points,"IT sector weakness capping gains | TCS, Infosys selling pressure",25998 - 26906
2025-04-24,Thursday,April,9:00 AM - MARKET OPEN,India Today Business,SELL,26901.6,26042.02,27343.95,1:1.94,3.2%,MODERATELY BULLISH,Bullish Engulfing | Support at 26000,25872,26968,DOWNSIDE: 186 points,Q3 earnings season | Corporate profits robust,25872 - 26968
2025-04-25,Friday,April,9:00 AM - MARKET OPEN,India Today Business,BUY,26909.0,28247.07,26597.74,1:4.3,4.97%,BULLISH,Triangle Breakout | Directional Move,25922,26900,UPSIDE: 135 points,"Banking stocks driving rally | HDFC Bank, ICICI Bank, Axis Bank gains",25922 - 26900
2025-04-28,Monday,April,9:00 AM - MARKET OPEN,India Today Business,BUY,26409.4,27325.59,26047.99,1:2.54,3.47%,NEUTRAL/BULLISH,Double Bottom | Reversal Expected,25892,26904,UPSIDE: 68 points,"Infrastructure boom | Larsen & Toubro, L&T Infotech gains",25892 - 26904
2025-04-29,Tuesday,April,9:00 AM - MARKET OPEN,India Today Business,BUY,26582.8,27376.84,26157.23,1:1.87,2.99%,STRONG BULLISH,Double Bottom | Reversal Expected,25927,26940,UPSIDE: 80 points,"Auto sector rally on festival demand | Maruti, Bajaj strong",25927 - 26940
2025-04-30,Wednesday,April,9:00 AM - MARKET OPEN,India Today Business,SELL,27155.2,26490.69,27541.29,1:1.72,2.45%,BULLISH,Triangle Breakout | Directional Move,25871,26840,DOWNSIDE: 50 points,"Banking stocks driving rally | HDFC Bank, ICICI Bank, Axis Bank gains",25871 - 26840
2025-05-01,Thursday,May,9:00 AM - MARKET OPEN,India Today Business,BUY,26466.6,27714.29,26096.27,1:3.37,4.71%,MODERATELY BULLISH,Bollinger Bands Squeeze | Volatility Expected,25950,26872,UPSIDE: 197 points,"Infrastructure boom | Larsen & Toubro, L&T Infotech gains",25950 - 26872
2025-05-02,Friday,May,9:00 AM - MARKET OPEN,India Today Business,BUY,26789.0,27755.18,26506.34,1:3.42,3.61%,BULLISH,Bullish Engulfing | Support at 26000,25961,26804,UPSIDE: 136 points,"Infrastructure boom | Larsen & Toubro, L&T Infotech gains",25961 - 26804
2025-05-05,Monday,May,9:00 AM - MARKET OPEN,India Today Business,BUY,26431.4,26976.44,25915.65,1:1.06,2.06%,BULLISH,Moving Average Crossover | Trend Change,25823,26908,UPSIDE: 98 points,"Banking stocks driving rally | HDFC Bank, ICICI Bank, Axis Bank gains",25823 - 26908
2025-05-06,Tuesday,May,9:00 AM - MARKET OPEN,India Today Business,SELL,26614.8,25430.42,26886.97,1:4.35,4.45%,NEUTRAL/BULLISH,Triangle Breakout | Directional Move,25937,26852,DOWNSIDE: 197 points,DII support strong | Domestic funds accumulating,25937 - 26852
2025-05-07,Wednesday,May,9:00 AM - MARKET OPEN,India Today Business,SELL,26316.2,25181.14,26702.43,1:2.94,4.31%,BULLISH,Double Bottom | Reversal Expected,25854,26877,DOWNSIDE: 144 points,"Banking stocks driving rally | HDFC Bank, ICICI Bank, Axis Bank gains",25854 - 26877
2025-05-08,Thursday,May,9:00 AM - MARKET OPEN,India Today Business,BUY,26299.6,27498.43,25815.46,1:2.48,4.56%,BULLISH,Higher High-Higher Low | Bull Run Continues,25972,26864,UPSIDE: 171 points,"Metals weakness | Tata Steel, JSW Steel under pressure",25972 - 26864
2025-05-09,Friday,May,9:00 AM - MARKET OPEN,India Today Business,SELL,26896.0,26038.51,27285.93,1:2.2,3.19%,MODERATELY BULLISH,Moving Average Crossover | Trend Change,25970,26915,DOWNSIDE: 72 points,"Pharma rotation | Dr Reddy, Sun Pharma outperformers",25970 - 26915
2025-05-12,Monday,May,9:00 AM - MARKET OPEN,India Today Business,BUY,26681.4,27682.73,26299.53,1:2.62,3.75%,STRONG BULLISH,Bearish Divergence | Profit Taking,25812,26863,UPSIDE: 53 points,"Banking stocks driving rally | HDFC Bank, ICICI Bank, Axis Bank gains",25812 - 26863
2025-05-13,Tuesday,May,9:00 AM - MARKET OPEN,India Today Business,BUY,27033.8,28226.97,26740.32,1:4.07,4.41%,NEUTRAL,RSI Overbought | Consolidation Zone,25952,26808,UPSIDE: 81 points,"Pharma rotation | Dr Reddy, Sun Pharma outperformers",25952 - 26808
2025-05-14,Wednesday,May,9:00 AM - MARKET OPEN,India Today Business,BUY,26625.2,27200.71,26344.47,1:2.05,2.16%,BULLISH,Breakout above 26500 | Momentum Building,25936,26872,UPSIDE: 51 points,DII support strong | Domestic funds accumulating,25936 - 26872
2025-05-15,Thursday,May,9:00 AM - MARKET OPEN,India Today Business,SELL,26307.6,25001.37,26624.75,1:4.12,4.97%,MODERATELY BULLISH,Support Breach | Watch 25800,25911,26945,DOWNSIDE: 195 points,"Banking stocks driving rally | HDFC Bank, ICICI Bank, Axis Bank gains",25911 - 26945
2025-05-16,Friday,May,9:00 AM - MARKET OPEN,India Today Business,SELL,26405.0,25455.46,26927.17,1:1.82,3.6%,BULLISH,Bullish Engulfing | Support at 26000,25804,26962,DOWNSIDE: 135 points,"Chemical sector focus | Atul, Bayer gains on exports",25804 - 26962
2025-05-19,Monday,May,9:00 AM - MARKET OPEN,India Today Business,BUY,26527.4,27286.19,26149.18,1:2.01,2.86%,BULLISH,Bullish Engulfing | Support at 26000,25946,26923,UPSIDE: 80 points,"IT sector weakness capping gains | TCS, Infosys selling pressure",25946 - 26923
2025-05-20,Tuesday,May,9:00 AM - MARKET OPEN,India Today Business,BUY,26298.8,26920.14,25843.26,1:1.36,2.36%,BULLISH,Golden Cross | Resistance at 27000,25992,26905,UPSIDE: 70 points,DII support strong | Domestic funds accumulating,25992 - 26905
2025-05-21,Wednesday,May,9:00 AM - MARKET OPEN,India Today Business,BUY,26921.2,27756.56,26385.82,1:1.56,3.1%,MODERATELY BULLISH,Higher High-Higher Low | Bull Run Continues,25983,26897,UPSIDE: 159 points,"FMCG holding support | ITC, HUL steady amid volatility",25983 - 26897
2025-05-22,Thursday,May,9:00 AM - MARKET OPEN,India Today Business,BUY,26575.6,27156.94,26230.17,1:1.68,2.19%,BULLISH,Higher High-Higher Low | Bull Run Continues,25935,26859,UPSIDE: 168 points,"Pharma rotation | Dr Reddy, Sun Pharma outperformers",25935 - 26859
2025-05-26,Monday,May,9:00 AM - MARKET OPEN,India Today Business,BUY,26702.0,27579.87,26324.04,1:2.32,3.29%,NEUTRAL,Support Breach | Watch 25800,25953,26860,UPSIDE: 160 points,Cement stocks stable | UltraTech holding ground,25953 - 26860
2025-05-27,Tuesday,May,9:00 AM - MARKET OPEN,India Today Business,SELL,26704.4,25506.69,27118.56,1:2.89,4.49%,MODERATELY BULLISH,Bollinger Bands Squeeze | Volatility Expected,25996,26876,DOWNSIDE: 191 points,Cement stocks stable | UltraTech holding ground,25996 - 26876
2025-05-28,Wednesday,May,9:00 AM - MARKET OPEN,India Today Business,BUY,26432.8,27517.82,26065.25,1:2.95,4.1%,MODERATELY BULLISH,Golden Cross | Resistance at 27000,25809,26894,UPSIDE: 120 points,FII flows remain positive | Foreign buying continues,25809 - 26894
2025-05-29,Thursday,May,9:00 AM - MARKET OPEN,India Today Business,BUY,26422.2,27582.0,26089.1,1:3.48,4.39%,BULLISH,Double Bottom | Reversal Expected,25986,26917,UPSIDE: 86 points,Telecom strength | Bharti Airtel gains on tariff hikes,25986 - 26917
2025-05-30,Friday,May,9:00 AM - MARKET OPEN,India Today Business,SELL,26578.6,25541.22,26939.58,1:2.87,3.9%,MODERATELY BULLISH,Bullish Engulfing | Support at 26000,25885,26968,DOWNSIDE: 151 points,Q3 earnings season | Corporate profits robust,25885 - 26968
2025-06-02,Monday,June,9:00 AM - MARKET OPEN,India Today Business,SELL,26676.0,25466.36,27081.39,1:2.98,4.53%,NEUTRAL/BULLISH,Breakout above 26500 | Momentum Building,25877,26868,DOWNSIDE: 94 points,Q3 earnings season | Corporate profits robust,25877 - 26868
2025-06-03,Tuesday,June,9:00 AM - MARKET OPEN,India Today Business,BUY,27306.4,28029.66,26890.7,1:1.74,2.65%,BULLISH,RSI Overbought | Consolidation Zone,25898,26911,UPSIDE: 82 points,Energy stocks leading | Oil majors positive on crude rally,25898 - 26911
2025-06-04,Wednesday,June,9:00 AM - MARKET OPEN,India Today Business,SELL,27029.8,25892.27,27344.16,1:3.62,4.21%,NEUTRAL,Breakout above 26500 | Momentum Building,25912,26918,DOWNSIDE: 142 points,"Metals weakness | Tata Steel, JSW Steel under pressure",25912 - 26918
2025-06-05,Thursday,June,9:00 AM - MARKET OPEN,India Today Business,BUY,26630.2,27701.69,26101.2,1:2.03,4.02%,BULLISH,Bollinger Bands Squeeze | Volatility Expected,25839,26975,UPSIDE: 108 points,"Realty sector gaining traction | DLF, Oberoi up",25839 - 26975
2025-06-06,Friday,June,9:00 AM - MARKET OPEN,India Today Business,BUY,26720.6,27581.83,26251.35,1:1.84,3.22%,STRONG BULLISH,RSI Overbought | Consolidation Zone,25969,26938,UPSIDE: 146 points,"Metals weakness | Tata Steel, JSW Steel under pressure",25969 - 26938
2025-06-09,Monday,June,9:00 AM - MARKET OPEN,India Today Business,BUY,26916.0,27848.78,26451.36,1:2.01,3.47%,STRONG BULLISH,Bullish Engulfing | Support at 26000,25819,26876,UPSIDE: 84 points,"Auto sector rally on festival demand | Maruti, Bajaj strong",25819 - 26876
2025-06-10,Tuesday,June,9:00 AM - MARKET OPEN,India Today Business,BUY,27127.4,28440.5,26680.42,1:2.94,4.84%,NEUTRAL,Support Breach | Watch 25800,25888,26871,UPSIDE: 151 points,"Metals weakness | Tata Steel, JSW Steel under pressure",25888 - 26871
2025-06-11,Wednesday,June,9:00 AM - MARKET OPEN,India Today Business,SELL,27006.8,26094.26,27439.52,1:2.11,3.38%,BULLISH,Moving Average Crossover | Trend Change,25893,26967,DOWNSIDE: 64 points,"Auto sector rally on festival demand | Maruti, Bajaj strong",25893 - 26967
2025-06-12,Thursday,June,9:00 AM - MARKET OPEN,India Today Business,BUY,26838.2,27396.47,26539.42,1:1.87,2.08%,NEUTRAL,Golden Cross | Resistance at 27000,25884,26992,UPSIDE: 195 points,"Pharma rotation | Dr Reddy, Sun Pharma outperformers",25884 - 26992
2025-06-13,Friday,June,9:00 AM - MARKET OPEN,India Today Business,BUY,26521.6,27300.68,26095.03,1:1.83,2.94%,STRONG BULLISH,Head & Shoulders | Downside Risk,25819,26977,UPSIDE: 64 points,FII flows remain positive | Foreign buying continues,25819 - 26977
2025-06-16,Monday,June,9:00 AM - MARKET OPEN,India Today Business,SELL,26736.0,25438.32,27217.71,1:2.69,4.85%,MODERATELY BULLISH,Bollinger Bands Squeeze | Volatility Expected,25878,26944,DOWNSIDE: 57 points,"Infrastructure boom | Larsen & Toubro, L&T Infotech gains",25878 - 26944
2025-06-17,Tuesday,June,9:00 AM - MARKET OPEN,India Today Business,BUY,26426.4,27267.5,26020.03,1:2.07,3.18%,NEUTRAL/BULLISH,Breakout above 26500 | Momentum Building,25897,26870,UPSIDE: 98 points,"Banking stocks driving rally | HDFC Bank, ICICI Bank, Axis Bank gains",25897 - 26870
2025-06-18,Wednesday,June,9:00 AM - MARKET OPEN,India Today Business,SELL,26415.8,25453.04,26941.58,1:1.83,3.64%,BULLISH,Golden Cross | Resistance at 27000,25945,26863,DOWNSIDE: 102 points,"Infrastructure boom | Larsen & Toubro, L&T Infotech gains",25945 - 26863
2025-06-19,Thursday,June,9:00 AM - MARKET OPEN,India Today Business,SELL,26675.2,25530.93,26999.76,1:3.53,4.29%,BULLISH,Breakout above 26500 | Momentum Building,25850,26822,DOWNSIDE: 134 points,"Banking stocks driving rally | HDFC Bank, ICICI Bank, Axis Bank gains",25850 - 26822
2025-06-20,Friday,June,9:00 AM - MARKET OPEN,India Today Business,BUY,26474.6,27242.5,25969.05,1:1.52,2.9%,MODERATELY BULLISH,Bollinger Bands Squeeze | Volatility Expected,25814,26846,UPSIDE: 192 points,Cement stocks stable | UltraTech holding ground,25814 - 26846
2025-06-23,Monday,June,9:00 AM - MARKET OPEN,India Today Business,BUY,26452.0,27376.44,25990.49,1:2.0,3.49%,STRONG BULLISH,Bearish Divergence | Profit Taking,25900,26985,UPSIDE: 98 points,"Chemical sector focus | Atul, Bayer gains on exports",25900 - 26985
2025-06-24,Tuesday,June,9:00 AM - MARKET OPEN,India Today Business,BUY,26803.4,27923.91,26292.63,1:2.19,4.18%,BULLISH,Golden Cross | Resistance at 27000,25836,26823,UPSIDE: 112 points,"Banking stocks driving rally | HDFC Bank, ICICI Bank, Axis Bank gains",25836 - 26823
2025-06-25,Wednesday,June,9:00 AM - MARKET OPEN,India Today Business,SELL,27149.8,26197.98,27645.56,1:1.92,3.51%,MODERATELY BULLISH,Bearish Divergence | Profit Taking,25972,26856,DOWNSIDE: 170 points,"Metals weakness | Tata Steel, JSW Steel under pressure",25972 - 26856
2025-06-26,Thursday,June,9:00 AM - MARKET OPEN,India Today Business,SELL,26739.2,25427.42,27050.45,1:4.21,4.91%,STRONG BULLISH,Breakout above 26500 | Momentum Building,25959,26801,DOWNSIDE: 113 points,"Auto sector rally on festival demand | Maruti, Bajaj strong",25959 - 26801
2025-06-27,Friday,June,9:00 AM - MARKET OPEN,India Today Business,BUY,26862.6,27780.67,26338.11,1:1.75,3.42%,MODERATELY BULLISH,Bearish Divergence | Profit Taking,25870,26888,UPSIDE: 138 points,"Realty sector gaining traction | DLF, Oberoi up",25870 - 26888
2025-07-01,Tuesday,July,9:00 AM - MARKET OPEN,India Today Business,BUY,26855.0,27863.71,26491.9,1:2.78,3.76%,MODERATELY BULLISH,Bullish Engulfing | Support at 26000,25829,26849,UPSIDE: 195 points,"Realty sector gaining traction | DLF, Oberoi up",25829 - 26849
2025-07-02,Wednesday,July,9:00 AM - MARKET OPEN,India Today Business,BUY,27205.4,27874.42,26786.56,1:1.6,2.46%,NEUTRAL,Triangle Breakout | Directional Move,25913,26878,UPSIDE: 182 points,Energy stocks leading | Oil majors positive on crude rally,25913 - 26878
2025-07-03,Thursday,July,9:00 AM - MARKET OPEN,India Today Business,BUY,27424.8,28394.12,27051.87,1:2.6,3.53%,NEUTRAL/BULLISH,Moving Average Crossover | Trend Change,25988,26815,UPSIDE: 107 points,"Pharma rotation | Dr Reddy, Sun Pharma outperformers",25988 - 26815
2025-07-04,Friday,July,9:00 AM - MARKET OPEN,India Today Business,SELL,26663.2,26118.13,27089.44,1:1.28,2.04%,NEUTRAL,Moving Average Crossover | Trend Change,25800,26998,DOWNSIDE: 164 points,"Metals weakness | Tata Steel, JSW Steel under pressure",25800 - 26998
2025-07-07,Monday,July,9:00 AM - MARKET OPEN,India Today Business,SELL,26902.6,25918.88,27196.74,1:3.34,3.66%,STRONG BULLISH,Support Breach | Watch 25800,25844,26946,DOWNSIDE: 69 points,Energy stocks leading | Oil majors positive on crude rally,25844 - 26946
2025-07-08,Tuesday,July,9:00 AM - MARKET OPEN,India Today Business,SELL,27367.0,26000.93,27645.88,1:4.9,4.99%,STRONG BULLISH,Triangle Breakout | Directional Move,25952,26938,DOWNSIDE: 64 points,"Infrastructure boom | Larsen & Toubro, L&T Infotech gains",25952 - 26938
2025-07-09,Wednesday,July,9:00 AM - MARKET OPEN,India Today Business,SELL,26524.4,25312.51,27012.01,1:2.49,4.57%,NEUTRAL,Bearish Divergence | Profit Taking,25866,26992,DOWNSIDE: 166 points,"Pharma rotation | Dr Reddy, Sun Pharma outperformers",25866 - 26992
2025-07-10,Thursday,July,9:00 AM - MARKET OPEN,India Today Business,SELL,26785.8,25774.27,27182.19,1:2.55,3.78%,STRONG BULLISH,Bearish Divergence | Profit Taking,25858,26900,DOWNSIDE: 161 points,Q3 earnings season | Corporate profits robust,25858 - 26900
2025-07-11,Friday,July,9:00 AM - MARKET OPEN,India Today Business,SELL,27161.2,25967.14,27572.89,1:2.9,4.4%,NEUTRAL/BULLISH,Moving Average Crossover | Trend Change,25957,26901,DOWNSIDE: 84 points,"Pharma rotation | Dr Reddy, Sun Pharma outperformers",25957 - 26901
2025-07-14,Monday,July,9:00 AM - MARKET OPEN,India Today Business,BUY,26854.6,28023.13,26460.79,1:2.97,4.35%,NEUTRAL/BULLISH,Triangle Breakout | Directional Move,25862,26933,UPSIDE: 132 points,"Realty sector gaining traction | DLF, Oberoi up",25862 - 26933
2025-07-15,Tuesday,July,9:00 AM - MARKET OPEN,India Today Business,SELL,27149.0,25807.43,27460.76,1:4.3,4.94%,BULLISH,Bollinger Bands Squeeze | Volatility Expected,25939,26942,DOWNSIDE: 106 points,"Chemical sector focus | Atul, Bayer gains on exports",25939 - 26942
2025-07-16,Wednesday,July,9:00 AM - MARKET OPEN,India Today Business,SELL,26561.4,25543.68,27002.59,1:2.31,3.83%,BULLISH,Triangle Breakout | Directional Move,25909,26936,DOWNSIDE: 52 points,Energy stocks leading | Oil majors positive on crude rally,25909 - 26936
2025-07-17,Thursday,July,9:00 AM - MARKET OPEN,India Today Business,SELL,27303.8,26196.32,27716.14,1:2.69,4.06%,NEUTRAL/BULLISH,Double Bottom | Reversal Expected,25846,26821,DOWNSIDE: 67 points,Q3 earnings season | Corporate profits robust,25846 - 26821
2025-07-18,Friday,July,9:00 AM - MARKET OPEN,India Today Business,SELL,27441.2,26184.8,27869.98,1:2.93,4.58%,STRONG BULLISH,Support Breach | Watch 25800,25873,26983,DOWNSIDE: 51 points,Cement stocks stable | UltraTech holding ground,25873 - 26983
2025-07-21,Monday,July,9:00 AM - MARKET OPEN,India Today Business,BUY,27514.6,28628.42,27102.93,1:2.71,4.05%,STRONG BULLISH,Bullish Engulfing | Support at 26000,25861,26872,UPSIDE: 52 points,Cement stocks stable | UltraTech holding ground,25861 - 26872
2025-07-22,Tuesday,July,9:00 AM - MARKET OPEN,India Today Business,SELL,27493.0,26670.92,27794.64,1:2.73,2.99%,NEUTRAL,Golden Cross | Resistance at 27000,25842,26959,DOWNSIDE: 195 points,DII support strong | Domestic funds accumulating,25842 - 26959
2025-07-23,Wednesday,July,9:00 AM - MARKET OPEN,India Today Business,BUY,27378.4,28065.84,26894.67,1:1.42,2.51%,NEUTRAL,Support Breach | Watch 25800,25999,26933,UPSIDE: 178 points,"Pharma rotation | Dr Reddy, Sun Pharma outperformers",25999 - 26933
2025-07-24,Thursday,July,9:00 AM - MARKET OPEN,India Today Business,SELL,26750.8,26036.88,27114.8,1:1.96,2.67%,NEUTRAL/BULLISH,RSI Overbought | Consolidation Zone,25915,26847,DOWNSIDE: 156 points,Cement stocks stable | UltraTech holding ground,25915 - 26847
2025-07-25,Friday,July,9:00 AM - MARKET OPEN,India Today Business,BUY,27388.2,27974.1,27042.89,1:1.7,2.14%,NEUTRAL,Bollinger Bands Squeeze | Volatility Expected,25971,26872,UPSIDE: 155 points,"Banking stocks driving rally | HDFC Bank, ICICI Bank, Axis Bank gains",25971 - 26872
2025-07-28,Monday,July,9:00 AM - MARKET OPEN,India Today Business,BUY,26925.6,28197.95,26606.7,1:3.99,4.73%,STRONG BULLISH,RSI Overbought | Consolidation Zone,25989,26803,UPSIDE: 67 points,"Auto sector rally on festival demand | Maruti, Bajaj strong",25989 - 26803
2025-07-29,Tuesday,July,9:00 AM - MARKET OPEN,India Today Business,SELL,27325.0,26634.91,27599.87,1:2.51,2.53%,STRONG BULLISH,Breakout above 26500 | Momentum Building,25987,26986,DOWNSIDE: 182 points,"FMCG holding support | ITC, HUL steady amid volatility",25987 - 26986
2025-07-30,Wednesday,July,9:00 AM - MARKET OPEN,India Today Business,SELL,26562.4,25541.52,27018.03,1:2.24,3.84%,BULLISH,Moving Average Crossover | Trend Change,25821,26962,DOWNSIDE: 171 points,"Auto sector rally on festival demand | Maruti, Bajaj strong",25821 - 26962
2025-07-31,Thursday,July,9:00 AM - MARKET OPEN,India Today Business,BUY,26936.8,27878.04,26507.07,1:2.19,3.49%,BULLISH,Golden Cross | Resistance at 27000,25922,26972,UPSIDE: 53 points,Q3 earnings season | Corporate profits robust,25922 - 26972
2025-08-01,Friday,August,9:00 AM - MARKET OPEN,India Today Business,BUY,27465.2,28324.29,27072.88,1:2.19,3.13%,NEUTRAL/BULLISH,Support Breach | Watch 25800,25969,26933,UPSIDE: 132 points,"Infrastructure boom | Larsen & Toubro, L&T Infotech gains",25969 - 26933
2025-08-04,Monday,August,9:00 AM - MARKET OPEN,India Today Business,BUY,26672.6,27531.9,26263.08,1:2.1,3.22%,NEUTRAL,Bearish Divergence | Profit Taking,25907,26990,UPSIDE: 139 points,Energy stocks leading | Oil majors positive on crude rally,25907 - 26990
2025-08-05,Tuesday,August,9:00 AM - MARKET OPEN,India Today Business,SELL,26875.0,26092.05,27165.84,1:2.69,2.91%,BULLISH,Support Breach | Watch 25800,25970,26956,DOWNSIDE: 122 points,Q3 earnings season | Corporate profits robust,25970 - 26956
2025-08-06,Wednesday,August,9:00 AM - MARKET OPEN,India Today Business,BUY,27387.4,28418.36,26903.39,1:2.13,3.76%,MODERATELY BULLISH,Higher High-Higher Low | Bull Run Continues,25867,26853,UPSIDE: 115 points,"Pharma rotation | Dr Reddy, Sun Pharma outperformers",25867 - 26853
2025-08-07,Thursday,August,9:00 AM - MARKET OPEN,India Today Business,BUY,27437.8,28431.19,27097.83,1:2.92,3.62%,STRONG BULLISH,Higher High-Higher Low | Bull Run Continues,25825,26928,UPSIDE: 138 points,"Realty sector gaining traction | DLF, Oberoi up",25825 - 26928
2025-08-08,Friday,August,9:00 AM - MARKET OPEN,India Today Business,BUY,27109.2,28211.89,26832.95,1:3.99,4.07%,STRONG BULLISH,RSI Overbought | Consolidation Zone,25961,26833,UPSIDE: 169 points,DII support strong | Domestic funds accumulating,25961 - 26833
2025-08-11,Monday,August,9:00 AM - MARKET OPEN,India Today Business,SELL,26944.6,26172.54,27302.39,1:2.16,2.87%,NEUTRAL/BULLISH,RSI Overbought | Consolidation Zone,25840,27000,DOWNSIDE: 100 points,Cement stocks stable | UltraTech holding ground,25840 - 27000
2025-08-12,Tuesday,August,9:00 AM - MARKET OPEN,India Today Business,BUY,26687.0,27345.18,26182.12,1:1.3,2.47%,NEUTRAL/BULLISH,Bullish Engulfing | Support at 26000,25961,26941,UPSIDE: 146 points,FII flows remain positive | Foreign buying continues,25961 - 26941
2025-08-13,Wednesday,August,9:00 AM - MARKET OPEN,India Today Business,SELL,26754.4,25828.8,27170.56,1:2.22,3.46%,NEUTRAL/BULLISH,Support Breach | Watch 25800,25940,26833,DOWNSIDE: 198 points,"IT sector weakness capping gains | TCS, Infosys selling pressure",25940 - 26833
2025-08-14,Thursday,August,9:00 AM - MARKET OPEN,India Today Business,BUY,27137.8,28090.46,26815.82,1:2.96,3.51%,MODERATELY BULLISH,Head & Shoulders | Downside Risk,25970,26963,UPSIDE: 181 points,Energy stocks leading | Oil majors positive on crude rally,25970 - 26963
2025-08-18,Monday,August,9:00 AM - MARKET OPEN,India Today Business,SELL,27358.2,26785.05,27707.13,1:1.64,2.09%,MODERATELY BULLISH,Golden Cross | Resistance at 27000,25916,26844,DOWNSIDE: 97 points,DII support strong | Domestic funds accumulating,25916 - 26844
2025-08-19,Tuesday,August,9:00 AM - MARKET OPEN,India Today Business,SELL,26853.6,25884.64,27238.57,1:2.52,3.61%,STRONG BULLISH,Head & Shoulders | Downside Risk,25971,26850,DOWNSIDE: 61 points,"Banking stocks driving rally | HDFC Bank, ICICI Bank, Axis Bank gains",25971 - 26850
2025-08-20,Wednesday,August,9:00 AM - MARKET OPEN,India Today Business,SELL,27246.0,26241.68,27694.8,1:2.24,3.69%,NEUTRAL/BULLISH,Bearish Divergence | Profit Taking,25993,26964,DOWNSIDE: 181 points,"FMCG holding support | ITC, HUL steady amid volatility",25993 - 26964
2025-08-21,Thursday,August,9:00 AM - MARKET OPEN,India Today Business,SELL,27060.4,25757.31,27401.64,1:3.82,4.82%,BULLISH,Support Breach | Watch 25800,25938,26971,DOWNSIDE: 145 points,"Banking stocks driving rally | HDFC Bank, ICICI Bank, Axis Bank gains",25938 - 26971
2025-08-22,Friday,August,9:00 AM - MARKET OPEN,India Today Business,BUY,27431.8,28437.68,26903.88,1:1.91,3.67%,STRONG BULLISH,Golden Cross | Resistance at 27000,25955,26933,UPSIDE: 190 points,DII support strong | Domestic funds accumulating,25955 - 26933
2025-08-25,Monday,August,9:00 AM - MARKET OPEN,India Today Business,BUY,27646.2,28458.38,27218.44,1:1.9,2.94%,NEUTRAL/BULLISH,Double Bottom | Reversal Expected,25816,26881,UPSIDE: 95 points,"Metals weakness | Tata Steel, JSW Steel under pressure",25816 - 26881
2025-08-26,Tuesday,August,9:00 AM - MARKET OPEN,India Today Business,SELL,27472.6,26568.35,27906.75,1:2.08,3.29%,NEUTRAL/BULLISH,RSI Overbought | Consolidation Zone,25978,26987,DOWNSIDE: 93 points,Energy stocks leading | Oil majors positive on crude rally,25978 - 26987
2025-08-28,Thursday,August,9:00 AM - MARKET OPEN,India Today Business,SELL,27510.0,26772.89,27930.79,1:1.75,2.68%,BULLISH,Higher High-Higher Low | Bull Run Continues,25935,26819,DOWNSIDE: 128 points,FII flows remain positive | Foreign buying continues,25935 - 26819
2025-08-29,Friday,August,9:00 AM - MARKET OPEN,India Today Business,BUY,27530.4,28385.1,26997.1,1:1.6,3.1%,BULLISH,Bearish Divergence | Profit Taking,25996,26964,UPSIDE: 106 points,Telecom strength | Bharti Airtel gains on tariff hikes,25996 - 26964
2025-09-01,Monday,September,9:00 AM - MARKET OPEN,India Today Business,SELL,26927.8,26174.68,27338.28,1:1.83,2.8%,NEUTRAL/BULLISH,Bollinger Bands Squeeze | Volatility Expected,25883,26820,DOWNSIDE: 180 points,"Pharma rotation | Dr Reddy, Sun Pharma outperformers",25883 - 26820
2025-09-02,Tuesday,September,9:00 AM - MARKET OPEN,India Today Business,SELL,27004.2,25829.74,27464.04,1:2.55,4.35%,BULLISH,Support Breach | Watch 25800,25974,26916,DOWNSIDE: 160 points,Telecom strength | Bharti Airtel gains on tariff hikes,25974 - 26916
2025-09-03,Wednesday,September,9:00 AM - MARKET OPEN,India Today Business,BUY,26721.6,27786.5,26328.41,1:2.71,3.99%,MODERATELY BULLISH,Bullish Engulfing | Support at 26000,25911,26863,UPSIDE: 74 points,"Infrastructure boom | Larsen & Toubro, L&T Infotech gains",25911 - 26863
2025-09-04,Thursday,September,9:00 AM - MARKET OPEN,India Today Business,BUY,26902.0,28123.83,26509.32,1:3.11,4.54%,MODERATELY BULLISH,Support Breach | Watch 25800,25817,26820,UPSIDE: 137 points,"FMCG holding support | ITC, HUL steady amid volatility",25817 - 26820
2025-09-05,Friday,September,9:00 AM - MARKET OPEN,India Today Business,SELL,26996.4,25880.2,27438.32,1:2.53,4.13%,BULLISH,RSI Overbought | Consolidation Zone,25896,26951,DOWNSIDE: 62 points,"Infrastructure boom | Larsen & Toubro, L&T Infotech gains",25896 - 26951
2025-09-08,Monday,September,9:00 AM - MARKET OPEN,India Today Business,BUY,27721.8,29082.48,27196.79,1:2.59,4.91%,NEUTRAL/BULLISH,Triangle Breakout | Directional Move,25948,26944,UPSIDE: 138 points,Q3 earnings season | Corporate profits robust,25948 - 26944
2025-09-09,Tuesday,September,9:00 AM - MARKET OPEN,India Today Business,BUY,27621.2,28824.4,27302.65,1:3.78,4.36%,BULLISH,Triangle Breakout | Directional Move,25936,26837,UPSIDE: 65 points,"Banking stocks driving rally | HDFC Bank, ICICI Bank, Axis Bank gains",25936 - 26837
2025-09-10,Wednesday,September,9:00 AM - MARKET OPEN,India Today Business,BUY,27562.6,28135.33,27059.55,1:1.14,2.08%,NEUTRAL,Bullish Engulfing | Support at 26000,25884,26924,UPSIDE: 184 points,"Metals weakness | Tata Steel, JSW Steel under pressure",25884 - 26924
2025-09-11,Thursday,September,9:00 AM - MARKET OPEN,India Today Business,SELL,27469.0,26767.62,27893.03,1:1.65,2.55%,NEUTRAL,Double Bottom | Reversal Expected,25825,26940,DOWNSIDE: 196 points,DII support strong | Domestic funds accumulating,25825 - 26940
2025-09-12,Friday,September,9:00 AM - MARKET OPEN,India Today Business,BUY,26863.4,27741.4,26575.37,1:3.05,3.27%,NEUTRAL/BULLISH,Bearish Divergence | Profit Taking,25876,26981,UPSIDE: 123 points,Cement stocks stable | UltraTech holding ground,25876 - 26981
2025-09-15,Monday,September,9:00 AM - MARKET OPEN,India Today Business,SELL,27666.8,26895.36,28213.23,1:1.41,2.79%,NEUTRAL/BEARISH,Double Bottom | Reversal Expected,25809,26915,DOWNSIDE: 68 points,"Pharma rotation | Dr Reddy, Sun Pharma outperformers",25809 - 26915
2025-09-17,Wednesday,September,9:00 AM - MARKET OPEN,India Today Business,SELL,26823.2,25952.67,27204.92,1:2.28,3.25%,NEUTRAL,Bollinger Bands Squeeze | Volatility Expected,25859,26828,DOWNSIDE: 184 points,"Realty sector gaining traction | DLF, Oberoi up",25859 - 26828
2025-09-18,Thursday,September,9:00 AM - MARKET OPEN,India Today Business,BUY,27567.6,28826.8,27288.05,1:4.5,4.57%,BULLISH,Bollinger Bands Squeeze | Volatility Expected,25894,26810,UPSIDE: 184 points,"Chemical sector focus | Atul, Bayer gains on exports",25894 - 26810
2025-09-19,Friday,September,9:00 AM - MARKET OPEN,India Today Business,SELL,27057.0,25769.33,27529.12,1:2.73,4.76%,BULLISH,RSI Overbought | Consolidation Zone,25972,26828,DOWNSIDE: 194 points,Cement stocks stable | UltraTech holding ground,25972 - 26828
2025-09-22,Monday,September,9:00 AM - MARKET OPEN,India Today Business,BUY,27046.4,28046.22,26704.8,1:2.93,3.7%,BULLISH,Higher High-Higher Low | Bull Run Continues,25838,26931,UPSIDE: 145 points,"Pharma rotation | Dr Reddy, Sun Pharma outperformers",25838 - 26931
2025-09-23,Tuesday,September,9:00 AM - MARKET OPEN,India Today Business,SELL,27031.8,25765.61,27369.55,1:3.75,4.68%,NEUTRAL/BULLISH,Double Bottom | Reversal Expected,25877,26823,DOWNSIDE: 156 points,"IT sector weakness capping gains | TCS, Infosys selling pressure",25877 - 26823
2025-09-24,Wednesday,September,9:00 AM - MARKET OPEN,India Today Business,BUY,27497.2,28707.13,27113.43,1:3.15,4.4%,STRONG BULLISH,Moving Average Crossover | Trend Change,25925,26850,UPSIDE: 191 points,"Pharma rotation | Dr Reddy, Sun Pharma outperformers",25925 - 26850
2025-09-25,Thursday,September,9:00 AM - MARKET OPEN,India Today Business,BUY,27368.6,28184.91,26827.61,1:1.51,2.98%,MODERATELY BULLISH,RSI Overbought | Consolidation Zone,25972,26800,UPSIDE: 145 points,DII support strong | Domestic funds accumulating,25972 - 26800
2025-09-26,Friday,September,9:00 AM - MARKET OPEN,India Today Business,SELL,26975.0,25673.28,27343.87,1:3.53,4.83%,STRONG BULLISH,Support Breach | Watch 25800,25979,26907,DOWNSIDE: 61 points,"Pharma rotation | Dr Reddy, Sun Pharma outperformers",25979 - 26907
2025-09-29,Monday,September,9:00 AM - MARKET OPEN,India Today Business,BUY,27403.4,28061.78,27111.45,1:2.26,2.4%,NEUTRAL/BULLISH,Triangle Breakout | Directional Move,25961,26845,UPSIDE: 132 points,Q3 earnings season | Corporate profits robust,25961 - 26845
2025-09-30,Tuesday,September,9:00 AM - MARKET OPEN,India Today Business,SELL,27596.8,26566.22,28068.97,1:2.18,3.73%,STRONG BULLISH,Golden Cross | Resistance at 27000,25853,26926,DOWNSIDE: 66 points,Telecom strength | Bharti Airtel gains on tariff hikes,25853 - 26926
2025-10-01,Wednesday,October,9:00 AM - MARKET OPEN,India Today Business,SELL,27776.2,27202.06,28141.08,1:1.57,2.07%,NEUTRAL/BULLISH,Bollinger Bands Squeeze | Volatility Expected,25979,26839,DOWNSIDE: 140 points,"Chemical sector focus | Atul, Bayer gains on exports",25979 - 26839
2025-10-03,Friday,October,9:00 AM - MARKET OPEN,India Today Business,SELL,27771.6,26913.35,28159.48,1:2.21,3.09%,BULLISH,Bearish Divergence | Profit Taking,25997,26879,DOWNSIDE: 57 points,"Realty sector gaining traction | DLF, Oberoi up",25997 - 26879
2025-10-06,Monday,October,9:00 AM - MARKET OPEN,India Today Business,BUY,27842.0,28704.88,27554.19,1:3.0,3.1%,STRONG BULLISH,RSI Overbought | Consolidation Zone,25838,26987,UPSIDE: 152 points,Cement stocks stable | UltraTech holding ground,25838 - 26987
2025-10-07,Tuesday,October,9:00 AM - MARKET OPEN,India Today Business,SELL,27205.4,26044.48,27696.28,1:2.36,4.27%,NEUTRAL/BULLISH,Bollinger Bands Squeeze | Volatility Expected,25808,26941,DOWNSIDE: 53 points,"Banking stocks driving rally | HDFC Bank, ICICI Bank, Axis Bank gains",25808 - 26941
2025-10-08,Wednesday,October,9:00 AM - MARKET OPEN,India Today Business,SELL,27668.8,26440.08,28050.83,1:3.22,4.44%,MODERATELY BULLISH,Golden Cross | Resistance at 27000,25857,26944,DOWNSIDE: 131 points,"Pharma rotation | Dr Reddy, Sun Pharma outperformers",25857 - 26944
2025-10-09,Thursday,October,9:00 AM - MARKET OPEN,India Today Business,BUY,26893.2,28129.42,26599.44,1:4.21,4.6%,BULLISH,Bearish Divergence | Profit Taking,25818,26933,UPSIDE: 177 points,Telecom strength | Bharti Airtel gains on tariff hikes,25818 - 26933
2025-10-10,Friday,October,9:00 AM - MARKET OPEN,India Today Business,SELL,27106.6,26119.69,27596.39,1:2.01,3.64%,NEUTRAL/BULLISH,Triangle Breakout | Directional Move,25959,26889,DOWNSIDE: 125 points,"FMCG holding support | ITC, HUL steady amid volatility",25959 - 26889
2025-10-13,Monday,October,9:00 AM - MARKET OPEN,India Today Business,BUY,27568.0,28130.6,27051.01,1:1.09,2.04%,NEUTRAL,Bearish Divergence | Profit Taking,25988,26853,UPSIDE: 172 points,"Pharma rotation | Dr Reddy, Sun Pharma outperformers",25988 - 26853
2025-10-14,Tuesday,October,9:00 AM - MARKET OPEN,India Today Business,SELL,27287.4,26405.35,27752.3,1:1.9,3.23%,BULLISH,Support Breach | Watch 25800,25904,26899,DOWNSIDE: 108 points,"FMCG holding support | ITC, HUL steady amid volatility",25904 - 26899
2025-10-15,Wednesday,October,9:00 AM - MARKET OPEN,India Today Business,BUY,27270.8,28224.26,26871.05,1:2.39,3.5%,MODERATELY BULLISH,Triangle Breakout | Directional Move,25982,26986,UPSIDE: 146 points,"Auto sector rally on festival demand | Maruti, Bajaj strong",25982 - 26986
2025-10-16,Thursday,October,9:00 AM - MARKET OPEN,India Today Business,SELL,27372.2,26537.26,27653.51,1:2.97,3.05%,MODERATELY BULLISH,Triangle Breakout | Directional Move,25952,26915,DOWNSIDE: 190 points,Energy stocks leading | Oil majors positive on crude rally,25952 - 26915
2025-10-17,Friday,October,9:00 AM - MARKET OPEN,India Today Business,BUY,27035.6,27857.71,26686.9,1:2.36,3.04%,NEUTRAL/BULLISH,Higher High-Higher Low | Bull Run Continues,25843,26970,UPSIDE: 137 points,Energy stocks leading | Oil majors positive on crude rally,25843 - 26970
2025-10-20,Monday,October,9:00 AM - MARKET OPEN,India Today Business,SELL,27792.0,26655.18,28298.86,1:2.24,4.09%,STRONG BULLISH,Breakout above 26500 | Momentum Building,25934,26874,DOWNSIDE: 175 points,Telecom strength | Bharti Airtel gains on tariff hikes,25934 - 26874
2025-10-21,Tuesday,October,9:00 AM - MARKET OPEN,India Today Business,BUY,27046.4,28248.7,26692.33,1:3.4,4.45%,NEUTRAL/BULLISH,Double Bottom | Reversal Expected,25904,26888,UPSIDE: 101 points,Energy stocks leading | Oil majors positive on crude rally,25904 - 26888
2025-10-22,Wednesday,October,9:00 AM - MARKET OPEN,India Today Business,BUY,27148.8,27853.65,26869.59,1:2.52,2.6%,BULLISH,RSI Overbought | Consolidation Zone,25937,26940,UPSIDE: 144 points,"Metals weakness | Tata Steel, JSW Steel under pressure",25937 - 26940
2025-10-23,Thursday,October,9:00 AM - MARKET OPEN,India Today Business,SELL,27139.2,26107.21,27643.36,1:2.05,3.8%,NEUTRAL,Moving Average Crossover | Trend Change,25998,26822,DOWNSIDE: 157 points,"Metals weakness | Tata Steel, JSW Steel under pressure",25998 - 26822
2025-10-24,Friday,October,9:00 AM - MARKET OPEN,India Today Business,BUY,27819.6,29178.52,27447.73,1:3.65,4.88%,STRONG BULLISH,Head & Shoulders | Downside Risk,25801,26820,UPSIDE: 131 points,Telecom strength | Bharti Airtel gains on tariff hikes,25801 - 26820
2025-10-27,Monday,October,9:00 AM - MARKET OPEN,India Today Business,BUY,27851.0,28436.97,27444.97,1:1.44,2.1%,NEUTRAL/BULLISH,Head & Shoulders | Downside Risk,25853,26967,UPSIDE: 174 points,"Auto sector rally on festival demand | Maruti, Bajaj strong",25853 - 26967
2025-10-28,Tuesday,October,9:00 AM - MARKET OPEN,India Today Business,BUY,27463.4,28719.68,26985.42,1:2.63,4.57%,BULLISH,Bollinger Bands Squeeze | Volatility Expected,25822,26819,UPSIDE: 122 points,"Banking stocks driving rally | HDFC Bank, ICICI Bank, Axis Bank gains",25822 - 26819
2025-10-29,Wednesday,October,9:00 AM - MARKET OPEN,India Today Business,SELL,27405.8,26695.87,27905.63,1:1.42,2.59%,NEUTRAL,Support Breach | Watch 25800,25984,26877,DOWNSIDE: 138 points,"Banking stocks driving rally | HDFC Bank, ICICI Bank, Axis Bank gains",25984 - 26877
2025-10-30,Thursday,October,9:00 AM - MARKET OPEN,India Today Business,SELL,27047.2,26251.78,27525.04,1:1.66,2.94%,MODERATELY BULLISH,Head & Shoulders | Downside Risk,25884,26970,DOWNSIDE: 81 points,"FMCG holding support | ITC, HUL steady amid volatility",25884 - 26970
2025-11-03,Monday,November,9:00 AM - MARKET OPEN,India Today Business,BUY,27663.6,28342.99,27386.29,1:2.45,2.46%,STRONG BULLISH,Breakout above 26500 | Momentum Building,25817,26828,UPSIDE: 95 points,DII support strong | Domestic funds accumulating,25817 - 26828
2025-11-04,Tuesday,November,9:00 AM - MARKET OPEN,India Today Business,SELL,27724.0,26969.43,28151.37,1:1.77,2.72%,NEUTRAL/BULLISH,Bearish Divergence | Profit Taking,25938,26977,DOWNSIDE: 117 points,Cement stocks stable | UltraTech holding ground,25938 - 26977
2025-11-05,Wednesday,November,9:00 AM - MARKET OPEN,India Today Business,BUY,27110.4,28198.17,26622.93,1:2.23,4.01%,NEUTRAL/BULLISH,Golden Cross | Resistance at 27000,25897,26907,UPSIDE: 92 points,"IT sector weakness capping gains | TCS, Infosys selling pressure",25897 - 26907
2025-11-06,Thursday,November,9:00 AM - MARKET OPEN,India Today Business,SELL,27006.8,25908.05,27307.29,1:3.66,4.07%,NEUTRAL/BULLISH,Triangle Breakout | Directional Move,25964,26911,DOWNSIDE: 88 points,"FMCG holding support | ITC, HUL steady amid volatility",25964 - 26911
2025-11-07,Friday,November,9:00 AM - MARKET OPEN,India Today Business,SELL,27785.2,26999.8,28081.5,1:2.65,2.83%,MODERATELY BULLISH,Bearish Divergence | Profit Taking,25991,26944,DOWNSIDE: 102 points,Energy stocks leading | Oil majors positive on crude rally,25991 - 26944
2025-11-10,Monday,November,9:00 AM - MARKET OPEN,India Today Business,BUY,27762.6,29001.72,27244.71,1:2.39,4.46%,MODERATELY BULLISH,Double Bottom | Reversal Expected,25930,26808,UPSIDE: 121 points,"Pharma rotation | Dr Reddy, Sun Pharma outperformers",25930 - 26808
2025-11-11,Tuesday,November,9:00 AM - MARKET OPEN,India Today Business,BUY,27552.0,28521.02,27102.02,1:2.15,3.52%,BULLISH,Bullish Engulfing | Support at 26000,25976,26933,UPSIDE: 73 points,"Pharma rotation | Dr Reddy, Sun Pharma outperformers",25976 - 26933
2025-11-12,Wednesday,November,9:00 AM - MARKET OPEN,India Today Business,SELL,27724.4,26813.87,28036.66,1:2.92,3.28%,MODERATELY BULLISH,Head & Shoulders | Downside Risk,25954,26942,DOWNSIDE: 171 points,"Chemical sector focus | Atul, Bayer gains on exports",25954 - 26942
2025-11-13,Thursday,November,9:00 AM - MARKET OPEN,India Today Business,BUY,27809.8,28641.82,27510.02,1:2.78,2.99%,NEUTRAL/BULLISH,Double Bottom | Reversal Expected,25971,26814,UPSIDE: 113 points,"Chemical sector focus | Atul, Bayer gains on exports",25971 - 26814
2025-11-14,Friday,November,9:00 AM - MARKET OPEN,India Today Business,BUY,27791.2,28360.88,27351.76,1:1.3,2.05%,NEUTRAL/BULLISH,Bollinger Bands Squeeze | Volatility Expected,25936,26881,UPSIDE: 104 points,Cement stocks stable | UltraTech holding ground,25936 - 26881
2025-11-17,Monday,November,9:00 AM - MARKET OPEN,India Today Business,SELL,27226.6,26536.26,27708.55,1:1.43,2.54%,BULLISH,Moving Average Crossover | Trend Change,25864,26931,DOWNSIDE: 111 points,"Auto sector rally on festival demand | Maruti, Bajaj strong",25864 - 26931
2025-11-18,Tuesday,November,9:00 AM - MARKET OPEN,India Today Business,SELL,27942.0,27347.93,28352.69,1:1.45,2.13%,BULLISH,Triangle Breakout | Directional Move,25820,26905,DOWNSIDE: 129 points,Q3 earnings season | Corporate profits robust,25820 - 26905
2025-11-19,Wednesday,November,9:00 AM - MARKET OPEN,India Today Business,BUY,27151.4,27895.02,26620.57,1:1.4,2.74%,NEUTRAL,Breakout above 26500 | Momentum Building,25939,26881,UPSIDE: 116 points,"Banking stocks driving rally | HDFC Bank, ICICI Bank, Axis Bank gains",25939 - 26881
2025-11-20,Thursday,November,9:00 AM - MARKET OPEN,India Today Business,SELL,27714.8,26825.17,28231.42,1:1.72,3.21%,NEUTRAL/BULLISH,Head & Shoulders | Downside Risk,25875,26841,DOWNSIDE: 108 points,FII flows remain positive | Foreign buying continues,25875 - 26841
2025-11-21,Friday,November,9:00 AM - MARKET OPEN,India Today Business,SELL,27440.2,26639.79,27986.89,1:1.46,2.92%,NEUTRAL/BULLISH,RSI Overbought | Consolidation Zone,25948,26966,DOWNSIDE: 96 points,"Metals weakness | Tata Steel, JSW Steel under pressure",25948 - 26966
2025-11-24,Monday,November,9:00 AM - MARKET OPEN,India Today Business,SELL,27331.6,26193.89,27617.29,1:3.98,4.16%,STRONG BULLISH,Support Breach | Watch 25800,25800,26910,DOWNSIDE: 161 points,DII support strong | Domestic funds accumulating,25800 - 26910
2025-11-25,Tuesday,November,9:00 AM - MARKET OPEN,India Today Business,BUY,27602.0,28707.69,27274.35,1:3.37,4.01%,STRONG BULLISH,Bearish Divergence | Profit Taking,25972,26818,UPSIDE: 74 points,FII flows remain positive | Foreign buying continues,25972 - 26818
2025-11-26,Wednesday,November,9:00 AM - MARKET OPEN,India Today Business,SELL,27345.4,26056.97,27695.04,1:3.69,4.71%,BULLISH,Golden Cross | Resistance at 27000,25809,26903,DOWNSIDE: 115 points,Energy stocks leading | Oil majors positive on crude rally,25809 - 26903
2025-11-27,Thursday,November,9:00 AM - MARKET OPEN,India Today Business,SELL,27282.8,26706.11,27810.21,1:1.09,2.11%,NEUTRAL/BEARISH,Golden Cross | Resistance at 27000,25994,26808,DOWNSIDE: 97 points,Q3 earnings season | Corporate profits robust,25994 - 26808
2025-11-28,Friday,November,9:00 AM - MARKET OPEN,India Today Business,SELL,27573.2,26766.47,28008.02,1:1.86,2.93%,NEUTRAL/BULLISH,Breakout above 26500 | Momentum Building,25828,26823,DOWNSIDE: 81 points,"Auto sector rally on festival demand | Maruti, Bajaj strong",25828 - 26823
2025-12-01,Monday,December,9:00 AM - MARKET OPEN,India Today Business,BUY,28074.6,28982.88,27712.53,1:2.51,3.24%,STRONG BULLISH,Moving Average Crossover | Trend Change,25992,26919,UPSIDE: 69 points,"FMCG holding support | ITC, HUL steady amid volatility",25992 - 26919
