Date,Day_of_Week,Month,Time,Source,Action,Entry_Price,Target_Price,Stop_Loss,Risk_Reward_Ratio,Profit_Target_Percentage,Market_Sentiment,Technical_Pattern,Support_Level,Resistance_Level,Expected_Movement,Sector_Insight,Nifty_Range,Support,Resistance,Open,High,Low,Close,Range_Flag
2024-11-29,Friday,November,9:00 AM - MARKET OPEN,India Today Business,BUY,25909.0,27077.55,25608.3,1:3.89,4.51%,MODERATELY BULLISH,Bollinger Bands Squeeze | Volatility Expected,25942,26996,UPSIDE: 134 points,"Realty sector gaining traction | DLF, Oberoi up",25942 - 26996,25942.0,26996.0,23927.15,24188.45,23927.15,24131.1,BREACHED_BELOW
2024-12-02,Monday,December,9:00 AM - MARKET OPEN,India Today Business,SELL,26331.4,25735.59,26725.07,1:1.51,2.26%,BULLISH,Higher High-Higher Low | Bull Run Continues,25812,26981,DOWNSIDE: 135 points,"IT sector weakness capping gains | TCS, Infosys selling pressure",25812 - 26981,25812.0,26981.0,24140.85,24301.7,24008.65,24276.05,BREACHED_BELOW
2024-12-03,Tuesday,December,9:00 AM - MARKET OPEN,India Today Business,BUY,25736.8,26735.63,25478.44,1:3.87,3.88%,STRONG BULLISH,Support Breach | Watch 25800,25813,26830,UPSIDE: 89 points,Q3 earnings season | Corporate profits robust,25813 - 26830,25813.0,26830.0,24367.5,24481.35,24280.0,24457.15,BREACHED_BELOW
2024-12-04,Wednesday,December,9:00 AM - MARKET OPEN,India Today Business,SELL,25637.2,25002.08,26071.2,1:1.46,2.48%,BULLISH,Golden Cross | Resistance at 27000,25870,26974,DOWNSIDE: 126 points,Cement stocks stable | UltraTech holding ground,25870 - 26974,25870.0,26974.0,24488.75,24573.2,24366.3,24467.45,BREACHED_BELOW
2024-12-05,Thursday,December,9:00 AM - MARKET OPEN,India Today Business,SELL,25920.6,24775.26,26289.59,1:3.1,4.42%,BULLISH,Moving Average Crossover | Trend Change,25968,26825,DOWNSIDE: 76 points,FII flows remain positive | Foreign buying continues,25968 - 26825,25968.0,26825.0,24539.15,24857.75,24295.55,24708.4,BREACHED_BELOW
2024-12-06,Friday,December,9:00 AM - MARKET OPEN,India Today Business,SELL,25629.0,24691.03,25903.06,1:3.42,3.66%,NEUTRAL,Moving Average Crossover | Trend Change,25920,26984,DOWNSIDE: 74 points,Energy stocks leading | Oil majors positive on crude rally,25920 - 26984,25920.0,26984.0,24729.45,24751.05,24620.5,24677.8,BREACHED_BELOW
2024-12-09,Monday,December,9:00 AM - MARKET OPEN,India Today Business,BUY,25746.4,26649.06,25361.43,1:2.34,3.51%,NEUTRAL,Bollinger Bands Squeeze | Volatility Expected,25925,26983,UPSIDE: 155 points,"Auto sector rally on festival demand | Maruti, Bajaj strong",25925 - 26983,25925.0,26983.0,24633.9,24705.0,24580.05,24619.0,BREACHED_BELOW
2024-12-10,Tuesday,December,9:00 AM - MARKET OPEN,India Today Business,BUY,25855.8,26489.01,25518.54,1:1.88,2.45%,STRONG BULLISH,Bullish Engulfing | Support at 26000,25904,26875,UPSIDE: 90 points,"Auto sector rally on festival demand | Maruti, Bajaj strong",25904 - 26875,25904.0,26875.0,24652.65,24677.8,24510.65,24610.05,BREACHED_BELOW
2024-12-11,Wednesday,December,9:00 AM - MARKET OPEN,India Today Business,SELL,26458.2,25399.84,26962.76,1:2.1,4.0%,STRONG BULLISH,Breakout above 26500 | Momentum Building,25853,26844,DOWNSIDE: 58 points,Q3 earnings season | Corporate profits robust,25853 - 26844,25853.0,26844.0,24620.5,24691.75,24583.85,24641.8,BREACHED_BELOW
2024-12-12,Thursday,December,9:00 AM - MARKET OPEN,India Today Business,BUY,26186.6,27126.59,25799.23,1:2.43,3.59%,STRONG BULLISH,Support Breach | Watch 25800,25812,26872,UPSIDE: 197 points,"Banking stocks driving rally | HDFC Bank, ICICI Bank, Axis Bank gains",25812 - 26872,25812.0,26872.0,24604.45,24675.25,24527.95,24548.7,BREACHED_BELOW
2024-12-13,Friday,December,9:00 AM - MARKET OPEN,India Today Business,SELL,26430.0,25384.82,26779.91,1:2.99,3.95%,STRONG BULLISH,Moving Average Crossover | Trend Change,25918,26843,DOWNSIDE: 195 points,DII support strong | Domestic funds accumulating,25918 - 26843,25918.0,26843.0,24498.35,24792.3,24180.8,24768.3,BREACHED_BELOW
2024-12-16,Monday,December,9:00 AM - MARKET OPEN,India Today Business,SELL,25737.4,24806.11,26043.19,1:3.05,3.62%,BULLISH,Bearish Divergence | Profit Taking,25845,26840,DOWNSIDE: 111 points,DII support strong | Domestic funds accumulating,25845 - 26840,25845.0,26840.0,24753.4,24781.25,24601.75,24668.25,BREACHED_BELOW
2024-12-17,Tuesday,December,9:00 AM - MARKET OPEN,India Today Business,SELL,26511.8,25806.63,26981.71,1:1.5,2.66%,BULLISH,Moving Average Crossover | Trend Change,25909,26848,DOWNSIDE: 168 points,DII support strong | Domestic funds accumulating,25909 - 26848,25909.0,26848.0,24584.8,24624.1,24303.45,24336.0,BREACHED_BELOW
2024-12-18,Wednesday,December,9:00 AM - MARKET OPEN,India Today Business,BUY,26037.2,27314.73,25535.97,1:2.55,4.91%,NEUTRAL,Moving Average Crossover | Trend Change,25931,26809,UPSIDE: 124 points,Telecom strength | Bharti Airtel gains on tariff hikes,25931 - 26809,25931.0,26809.0,24297.95,24394.45,24149.85,24198.85,BREACHED_BELOW
2024-12-19,Thursday,December,9:00 AM - MARKET OPEN,India Today Business,BUY,26446.6,27588.73,26100.77,1:3.3,4.32%,STRONG BULLISH,Bearish Divergence | Profit Taking,25875,26898,UPSIDE: 93 points,Telecom strength | Bharti Airtel gains on tariff hikes,25875 - 26898,25875.0,26898.0,23877.15,24004.9,23870.3,23951.7,BREACHED_BELOW
2024-12-20,Friday,December,9:00 AM - MARKET OPEN,India Today Business,BUY,25618.0,26661.49,25268.53,1:2.99,4.07%,NEUTRAL/BULLISH,RSI Overbought | Consolidation Zone,25866,26860,UPSIDE: 58 points,Telecom strength | Bharti Airtel gains on tariff hikes,25866 - 26860,25866.0,26860.0,23960.7,24065.8,23537.35,23587.5,BREACHED_BELOW
2024-12-23,Monday,December,9:00 AM - MARKET OPEN,India Today Business,SELL,25965.4,24936.57,26472.5,1:2.03,3.96%,NEUTRAL,RSI Overbought | Consolidation Zone,25855,26837,DOWNSIDE: 57 points,FII flows remain positive | Foreign buying continues,25855 - 26837,25855.0,26837.0,23738.2,23869.55,23647.2,23753.45,BREACHED_BELOW
2024-12-24,Tuesday,December,9:00 AM - MARKET OPEN,India Today Business,SELL,26089.8,25416.29,26402.7,1:2.15,2.58%,NEUTRAL/BULLISH,Higher High-Higher Low | Bull Run Continues,25816,26992,DOWNSIDE: 116 points,"IT sector weakness capping gains | TCS, Infosys selling pressure",25816 - 26992,25816.0,26992.0,23769.1,23867.65,23685.15,23727.65,BREACHED_BELOW
2024-12-26,Thursday,December,9:00 AM - MARKET OPEN,India Today Business,SELL,26100.2,25315.07,26532.24,1:1.82,3.01%,BULLISH,Bollinger Bands Squeeze | Volatility Expected,25944,26985,DOWNSIDE: 155 points,"Metals weakness | Tata Steel, JSW Steel under pressure",25944 - 26985,25944.0,26985.0,23775.8,23854.5,23653.6,23750.2,BREACHED_BELOW
2024-12-27,Friday,December,9:00 AM - MARKET OPEN,India Today Business,BUY,26507.6,27163.06,26226.86,1:2.33,2.47%,BULLISH,Bollinger Bands Squeeze | Volatility Expected,25990,26991,UPSIDE: 82 points,"FMCG holding support | ITC, HUL steady amid volatility",25990 - 26991,25990.0,26991.0,23801.4,23938.85,23800.6,23813.4,BREACHED_BELOW
2024-12-30,Monday,December,9:00 AM - MARKET OPEN,India Today Business,SELL,26376.0,25270.36,26890.99,1:2.15,4.19%,MODERATELY BULLISH,Head & Shoulders | Downside Risk,25878,26895,DOWNSIDE: 128 points,"FMCG holding support | ITC, HUL steady amid volatility",25878 - 26895,25878.0,26895.0,23796.9,23915.35,23599.3,23644.9,BREACHED_BELOW
2024-12-31,Tuesday,December,9:00 AM - MARKET OPEN,India Today Business,BUY,26012.4,26681.7,25521.39,1:1.36,2.57%,BULLISH,Golden Cross | Resistance at 27000,25994,26901,UPSIDE: 102 points,"FMCG holding support | ITC, HUL steady amid volatility",25994 - 26901,25994.0,26901.0,23560.6,23689.85,23460.45,23644.8,BREACHED_BELOW
2025-01-01,Wednesday,January,9:00 AM - MARKET OPEN,India Today Business,SELL,26292.8,25424.95,26666.62,1:2.32,3.3%,MODERATELY BULLISH,Bollinger Bands Squeeze | Volatility Expected,25817,26923,DOWNSIDE: 111 points,"Metals weakness | Tata Steel, JSW Steel under pressure",25817 - 26923,25817.0,26923.0,23637.65,23822.8,23562.8,23742.9,BREACHED_BELOW
2025-01-02,Thursday,January,9:00 AM - MARKET OPEN,India Today Business,SELL,26462.2,25344.08,26750.38,1:3.88,4.23%,NEUTRAL/BULLISH,Support Breach | Watch 25800,25905,26843,DOWNSIDE: 118 points,"Chemical sector focus | Atul, Bayer gains on exports",25905 - 26843,25905.0,26843.0,23783.0,24226.7,23751.55,24188.65,BREACHED_BELOW
2025-01-03,Friday,January,9:00 AM - MARKET OPEN,India Today Business,BUY,25658.6,26841.72,25193.42,1:2.54,4.61%,MODERATELY BULLISH,Bearish Divergence | Profit Taking,25823,26878,UPSIDE: 58 points,"FMCG holding support | ITC, HUL steady amid volatility",25823 - 26878,25823.0,26878.0,24196.4,24196.45,23976.0,24004.75,BREACHED_BELOW
2025-01-06,Monday,January,9:00 AM - MARKET OPEN,India Today Business,BUY,25873.0,26654.42,25591.79,1:2.78,3.02%,BULLISH,RSI Overbought | Consolidation Zone,25822,26918,UPSIDE: 104 points,"Infrastructure boom | Larsen & Toubro, L&T Infotech gains",25822 - 26918,25822.0,26918.0,24045.8,24089.95,23551.9,23616.05,BREACHED_BELOW
2025-01-07,Tuesday,January,9:00 AM - MARKET OPEN,India Today Business,BUY,25790.4,26590.77,25331.16,1:1.74,3.1%,MODERATELY BULLISH,Bearish Divergence | Profit Taking,25965,26901,UPSIDE: 126 points,Cement stocks stable | UltraTech holding ground,25965 - 26901,25965.0,26901.0,23679.9,23795.2,23637.8,23707.9,BREACHED_BELOW
2025-01-08,Wednesday,January,9:00 AM - MARKET OPEN,India Today Business,SELL,26547.8,25664.95,26882.72,1:2.64,3.33%,BULLISH,RSI Overbought | Consolidation Zone,25983,26873,DOWNSIDE: 124 points,FII flows remain positive | Foreign buying continues,25983 - 26873,25983.0,26873.0,23746.65,23751.85,23496.15,23688.95,BREACHED_BELOW
2025-01-09,Thursday,January,9:00 AM - MARKET OPEN,India Today Business,BUY,25975.2,26559.43,25603.33,1:1.57,2.25%,NEUTRAL/BULLISH,Moving Average Crossover | Trend Change,25986,26833,UPSIDE: 115 points,Q3 earnings season | Corporate profits robust,25986 - 26833,25986.0,26833.0,23674.75,23689.5,23503.05,23526.5,BREACHED_BELOW
2025-01-10,Friday,January,9:00 AM - MARKET OPEN,India Today Business,BUY,25867.6,26547.14,25600.14,1:2.54,2.63%,STRONG BULLISH,Bullish Engulfing | Support at 26000,25855,26892,UPSIDE: 162 points,"Realty sector gaining traction | DLF, Oberoi up",25855 - 26892,25855.0,26892.0,23551.9,23596.6,23344.35,23431.5,BREACHED_BELOW
2025-01-13,Monday,January,9:00 AM - MARKET OPEN,India Today Business,BUY,25740.0,26741.3,25418.49,1:3.11,3.89%,STRONG BULLISH,RSI Overbought | Consolidation Zone,25963,26855,UPSIDE: 51 points,"FMCG holding support | ITC, HUL steady amid volatility",25963 - 26855,25963.0,26855.0,23195.4,23340.95,23047.25,23085.95,BREACHED_BELOW
2025-01-14,Tuesday,January,9:00 AM - MARKET OPEN,India Today Business,SELL,26311.4,25655.8,26788.25,1:1.37,2.49%,BULLISH,Support Breach | Watch 25800,25899,26967,DOWNSIDE: 196 points,Energy stocks leading | Oil majors positive on crude rally,25899 - 26967,25899.0,26967.0,23165.9,23264.95,23134.15,23176.05,BREACHED_BELOW
2025-01-15,Wednesday,January,9:00 AM - MARKET OPEN,India Today Business,BUY,26248.8,27360.32,25930.74,1:3.49,4.23%,STRONG BULLISH,Bearish Divergence | Profit Taking,25854,26934,UPSIDE: 150 points,"Pharma rotation | Dr Reddy, Sun Pharma outperformers",25854 - 26934,25854.0,26934.0,23250.45,23293.65,23146.45,23213.2,BREACHED_BELOW
2025-01-16,Thursday,January,9:00 AM - MARKET OPEN,India Today Business,SELL,25799.2,24937.94,26281.53,1:1.79,3.34%,BULLISH,Moving Average Crossover | Trend Change,25946,26880,DOWNSIDE: 102 points,"Pharma rotation | Dr Reddy, Sun Pharma outperformers",25946 - 26880,25946.0,26880.0,23377.25,23391.65,23272.05,23311.8,BREACHED_BELOW
2025-01-17,Friday,January,9:00 AM - MARKET OPEN,India Today Business,SELL,26416.6,25246.02,26763.16,1:3.38,4.43%,STRONG BULLISH,Higher High-Higher Low | Bull Run Continues,25946,26831,DOWNSIDE: 151 points,Cement stocks stable | UltraTech holding ground,25946 - 26831,25946.0,26831.0,23277.1,23292.1,23100.35,23203.2,BREACHED_BELOW
2025-01-20,Monday,January,9:00 AM - MARKET OPEN,India Today Business,BUY,25762.0,27019.97,25264.72,1:2.53,4.88%,STRONG BULLISH,Bearish Divergence | Profit Taking,25928,26983,UPSIDE: 78 points,"Metals weakness | Tata Steel, JSW Steel under pressure",25928 - 26983,25928.0,26983.0,23290.4,23391.1,23170.65,23344.75,BREACHED_BELOW
2025-01-21,Tuesday,January,9:00 AM - MARKET OPEN,India Today Business,SELL,26165.4,25227.4,26550.63,1:2.43,3.58%,MODERATELY BULLISH,Golden Cross | Resistance at 27000,25961,26813,DOWNSIDE: 137 points,Q3 earnings season | Corporate profits robust,25961 - 26813,25961.0,26813.0,23421.65,23426.3,22976.85,23024.65,BREACHED_BELOW
2025-01-22,Wednesday,January,9:00 AM - MARKET OPEN,India Today Business,BUY,25936.8,27150.3,25608.9,1:3.7,4.68%,STRONG BULLISH,Bollinger Bands Squeeze | Volatility Expected,25927,26843,UPSIDE: 83 points,Energy stocks leading | Oil majors positive on crude rally,25927 - 26843,25927.0,26843.0,23099.15,23169.55,22981.3,23155.35,BREACHED_BELOW
2025-01-23,Thursday,January,9:00 AM - MARKET OPEN,India Today Business,SELL,26621.2,25896.79,26926.58,1:2.37,2.72%,NEUTRAL,Triangle Breakout | Directional Move,25970,26926,DOWNSIDE: 168 points,"Auto sector rally on festival demand | Maruti, Bajaj strong",25970 - 26926,25970.0,26926.0,23128.3,23270.8,23090.65,23205.35,BREACHED_BELOW
2025-01-24,Friday,January,9:00 AM - MARKET OPEN,India Today Business,SELL,26148.6,25298.99,26500.73,1:2.41,3.25%,BULLISH,Golden Cross | Resistance at 27000,25896,26835,DOWNSIDE: 163 points,FII flows remain positive | Foreign buying continues,25896 - 26835,25896.0,26835.0,23183.9,23347.3,23050.0,23092.2,BREACHED_BELOW
2025-01-27,Monday,January,9:00 AM - MARKET OPEN,India Today Business,BUY,26421.0,26963.56,26098.83,1:1.68,2.05%,STRONG BULLISH,Higher High-Higher Low | Bull Run Continues,25900,26968,UPSIDE: 98 points,Energy stocks leading | Oil majors positive on crude rally,25900 - 26968,25900.0,26968.0,22940.15,23007.45,22786.9,22829.15,BREACHED_BELOW
2025-01-28,Tuesday,January,9:00 AM - MARKET OPEN,India Today Business,SELL,26361.4,25194.69,26628.55,1:4.37,4.43%,NEUTRAL/BULLISH,Bullish Engulfing | Support at 26000,25908,26871,DOWNSIDE: 167 points,Q3 earnings season | Corporate profits robust,25908 - 26871,25908.0,26871.0,22960.45,23137.95,22857.65,22957.25,BREACHED_BELOW
2025-01-29,Wednesday,January,9:00 AM - MARKET OPEN,India Today Business,BUY,26489.8,27588.36,26035.39,1:2.42,4.15%,MODERATELY BULLISH,Bearish Divergence | Profit Taking,25914,26955,UPSIDE: 190 points,Energy stocks leading | Oil majors positive on crude rally,25914 - 26955,25914.0,26955.0,23026.75,23183.35,22976.5,23163.1,BREACHED_BELOW
2025-01-30,Thursday,January,9:00 AM - MARKET OPEN,India Today Business,SELL,26627.2,25790.38,27051.09,1:1.97,3.14%,BULLISH,Head & Shoulders | Downside Risk,25931,26821,DOWNSIDE: 131 points,Q3 earnings season | Corporate profits robust,25931 - 26821,25931.0,26821.0,23169.5,23322.05,23139.2,23249.5,BREACHED_BELOW
2025-01-31,Friday,January,9:00 AM - MARKET OPEN,India Today Business,SELL,26021.6,25185.99,26312.14,1:2.88,3.21%,STRONG BULLISH,Moving Average Crossover | Trend Change,25915,26904,DOWNSIDE: 163 points,"IT sector weakness capping gains | TCS, Infosys selling pressure",25915 - 26904,25915.0,26904.0,23296.75,23546.8,23277.4,23508.4,BREACHED_BELOW
2025-02-03,Monday,February,9:00 AM - MARKET OPEN,India Today Business,BUY,26690.0,27318.84,26235.07,1:1.38,2.36%,NEUTRAL,Bullish Engulfing | Support at 26000,25878,26855,UPSIDE: 130 points,Energy stocks leading | Oil majors positive on crude rally,25878 - 26855,25878.0,26855.0,23319.35,23381.6,23222.0,23361.05,BREACHED_BELOW
2025-02-04,Tuesday,February,9:00 AM - MARKET OPEN,India Today Business,SELL,26634.4,26013.55,26983.99,1:1.78,2.33%,BULLISH,Bollinger Bands Squeeze | Volatility Expected,25909,26953,DOWNSIDE: 115 points,Q3 earnings season | Corporate profits robust,25909 - 26953,25909.0,26953.0,23509.9,23762.75,23423.15,23739.25,BREACHED_BELOW
2025-02-05,Wednesday,February,9:00 AM - MARKET OPEN,India Today Business,SELL,26092.8,25105.28,26479.75,1:2.55,3.78%,MODERATELY BULLISH,Higher High-Higher Low | Bull Run Continues,25997,26905,DOWNSIDE: 185 points,Telecom strength | Bharti Airtel gains on tariff hikes,25997 - 26905,25997.0,26905.0,23801.75,23807.3,23680.45,23696.3,BREACHED_BELOW
2025-02-06,Thursday,February,9:00 AM - MARKET OPEN,India Today Business,BUY,26366.2,27217.02,26087.34,1:3.05,3.23%,MODERATELY BULLISH,Higher High-Higher Low | Bull Run Continues,25899,26936,UPSIDE: 182 points,"FMCG holding support | ITC, HUL steady amid volatility",25899 - 26936,25899.0,26936.0,23761.95,23773.55,23556.25,23603.35,BREACHED_BELOW
2025-02-07,Friday,February,9:00 AM - MARKET OPEN,India Today Business,BUY,26665.6,27205.31,26156.82,1:1.06,2.02%,NEUTRAL/BEARISH,Bearish Divergence | Profit Taking,25996,26818,UPSIDE: 56 points,"IT sector weakness capping gains | TCS, Infosys selling pressure",25996 - 26818,25996.0,26818.0,23649.5,23694.5,23443.2,23559.95,BREACHED_BELOW
2025-02-10,Monday,February,9:00 AM - MARKET OPEN,India Today Business,SELL,26376.0,25772.64,26853.8,1:1.26,2.29%,NEUTRAL/BEARISH,Double Bottom | Reversal Expected,25895,26912,DOWNSIDE: 83 points,Cement stocks stable | UltraTech holding ground,25895 - 26912,25895.0,26912.0,23543.8,23568.6,23316.3,23381.6,BREACHED_BELOW
2025-02-11,Tuesday,February,9:00 AM - MARKET OPEN,India Today Business,BUY,26580.4,27505.6,26196.84,1:2.41,3.48%,STRONG BULLISH,Triangle Breakout | Directional Move,25865,26954,UPSIDE: 107 points,Telecom strength | Bharti Airtel gains on tariff hikes,25865 - 26954,25865.0,26954.0,23383.55,23390.05,22986.65,23071.8,BREACHED_BELOW
2025-02-12,Wednesday,February,9:00 AM - MARKET OPEN,India Today Business,SELL,26113.8,25301.87,26401.57,1:2.82,3.11%,NEUTRAL/BULLISH,Head & Shoulders | Downside Risk,25874,26885,DOWNSIDE: 149 points,DII support strong | Domestic funds accumulating,25874 - 26885,25874.0,26885.0,23050.8,23144.7,22798.35,23045.25,BREACHED_BELOW
2025-02-13,Thursday,February,9:00 AM - MARKET OPEN,India Today Business,SELL,26757.2,26180.13,27272.3,1:1.12,2.16%,NEUTRAL,Golden Cross | Resistance at 27000,25961,26893,DOWNSIDE: 50 points,Telecom strength | Bharti Airtel gains on tariff hikes,25961 - 26893,25961.0,26893.0,23055.75,23235.5,22992.2,23031.4,BREACHED_BELOW
2025-02-14,Friday,February,9:00 AM - MARKET OPEN,India Today Business,SELL,26582.6,25400.11,26860.91,1:4.25,4.45%,BULLISH,Breakout above 26500 | Momentum Building,25863,26940,DOWNSIDE: 187 points,"Realty sector gaining traction | DLF, Oberoi up",25863 - 26940,25863.0,26940.0,23096.45,23133.7,22774.85,22929.25,BREACHED_BELOW
2025-02-17,Monday,February,9:00 AM - MARKET OPEN,India Today Business,SELL,26766.0,25676.26,27059.97,1:3.71,4.07%,MODERATELY BULLISH,Bullish Engulfing | Support at 26000,25845,26984,DOWNSIDE: 95 points,DII support strong | Domestic funds accumulating,25845 - 26984,25845.0,26984.0,22809.9,22974.2,22725.45,22959.5,BREACHED_BELOW
2025-02-18,Tuesday,February,9:00 AM - MARKET OPEN,India Today Business,BUY,25952.4,26643.58,25685.01,1:2.58,2.66%,MODERATELY BULLISH,Golden Cross | Resistance at 27000,25885,26965,UPSIDE: 102 points,Telecom strength | Bharti Airtel gains on tariff hikes,25885 - 26965,25885.0,26965.0,22963.65,22992.5,22801.5,22945.3,BREACHED_BELOW
2025-02-19,Wednesday,February,9:00 AM - MARKET OPEN,India Today Business,BUY,26173.8,26924.96,25703.42,1:1.6,2.87%,NEUTRAL,Head & Shoulders | Downside Risk,25860,26821,UPSIDE: 98 points,Cement stocks stable | UltraTech holding ground,25860 - 26821,25860.0,26821.0,22847.25,23049.95,22814.85,22932.9,BREACHED_BELOW
2025-02-20,Thursday,February,9:00 AM - MARKET OPEN,India Today Business,SELL,26361.2,25585.51,26691.61,1:2.35,2.94%,STRONG BULLISH,Bollinger Bands Squeeze | Volatility Expected,25874,26847,DOWNSIDE: 132 points,"Auto sector rally on festival demand | Maruti, Bajaj strong",25874 - 26847,25874.0,26847.0,22821.1,22923.85,22812.75,22913.15,BREACHED_BELOW
2025-02-21,Friday,February,9:00 AM - MARKET OPEN,India Today Business,BUY,26509.6,27669.12,26138.39,1:3.12,4.37%,NEUTRAL,RSI Overbought | Consolidation Zone,25806,26922,UPSIDE: 177 points,"Metals weakness | Tata Steel, JSW Steel under pressure",25806 - 26922,25806.0,26922.0,22857.2,22921.0,22720.3,22795.9,BREACHED_BELOW
2025-02-24,Monday,February,9:00 AM - MARKET OPEN,India Today Business,BUY,26614.0,27515.5,26176.83,1:2.06,3.39%,NEUTRAL,Higher High-Higher Low | Bull Run Continues,25824,26808,UPSIDE: 157 points,Q3 earnings season | Corporate profits robust,25824 - 26808,25824.0,26808.0,22609.35,22668.05,22518.8,22553.35,BREACHED_BELOW
2025-02-25,Tuesday,February,9:00 AM - MARKET OPEN,India Today Business,SELL,26326.4,25581.67,26793.73,1:1.59,2.83%,NEUTRAL/BULLISH,Golden Cross | Resistance at 27000,25810,26963,DOWNSIDE: 70 points,"Realty sector gaining traction | DLF, Oberoi up",25810 - 26963,25810.0,26963.0,22516.45,22625.3,22513.9,22547.55,BREACHED_BELOW
2025-02-26,Wednesday,February,9:00 AM - MARKET OPEN,India Today Business,SELL,26766.8,25813.66,27261.61,1:1.93,3.56%,MODERATELY BULLISH,Golden Cross | Resistance at 27000,25828,26978,DOWNSIDE: 57 points,DII support strong | Domestic funds accumulating,25828 - 26978,25828.0,26978.0,,,,,NO_DATA
2025-02-27,Thursday,February,9:00 AM - MARKET OPEN,India Today Business,BUY,25923.2,27214.94,25483.61,1:2.94,4.98%,NEUTRAL,Bollinger Bands Squeeze | Volatility Expected,25883,26825,UPSIDE: 58 points,FII flows remain positive | Foreign buying continues,25883 - 26825,25883.0,26825.0,22568.95,22613.3,22508.4,22545.05,BREACHED_BELOW
2025-02-28,Friday,February,9:00 AM - MARKET OPEN,India Today Business,SELL,26366.6,25716.73,26804.75,1:1.48,2.46%,NEUTRAL/BEARISH,Bullish Engulfing | Support at 26000,25958,26987,DOWNSIDE: 117 points,DII support strong | Domestic funds accumulating,25958 - 26987,25958.0,26987.0,22433.4,22450.35,22104.85,22124.7,BREACHED_BELOW
2025-03-03,Monday,March,9:00 AM - MARKET OPEN,India Today Business,BUY,26355.0,27182.04,26078.88,1:3.0,3.14%,STRONG BULLISH,Golden Cross | Resistance at 27000,25992,26893,UPSIDE: 63 points,"IT sector weakness capping gains | TCS, Infosys selling pressure",25992 - 26893,25992.0,26893.0,22194.55,22261.55,22004.7,22119.3,BREACHED_BELOW
2025-03-04,Tuesday,March,9:00 AM - MARKET OPEN,India Today Business,SELL,26146.4,25279.86,26668.26,1:1.66,3.31%,BULLISH,Higher High-Higher Low | Bull Run Continues,25989,26994,DOWNSIDE: 108 points,"Infrastructure boom | Larsen & Toubro, L&T Infotech gains",25989 - 26994,25989.0,26994.0,21974.45,22105.05,21964.6,22082.65,BREACHED_BELOW
2025-03-05,Wednesday,March,9:00 AM - MARKET OPEN,India Today Business,BUY,26213.8,27448.36,25907.2,1:4.03,4.71%,BULLISH,Bollinger Bands Squeeze | Volatility Expected,25960,26882,UPSIDE: 136 points,FII flows remain positive | Foreign buying continues,25960 - 26882,25960.0,26882.0,22073.05,22394.9,22067.8,22337.3,BREACHED_BELOW
2025-03-06,Thursday,March,9:00 AM - MARKET OPEN,India Today Business,BUY,26704.2,27408.56,26172.5,1:1.32,2.64%,NEUTRAL/BULLISH,Higher High-Higher Low | Bull Run Continues,25916,26801,UPSIDE: 199 points,DII support strong | Domestic funds accumulating,25916 - 26801,25916.0,26801.0,22476.35,22556.45,22245.85,22544.7,BREACHED_BELOW
2025-03-07,Friday,March,9:00 AM - MARKET OPEN,India Today Business,SELL,26241.6,25548.24,26569.98,1:2.11,2.64%,STRONG BULLISH,Triangle Breakout | Directional Move,25928,26927,DOWNSIDE: 89 points,DII support strong | Domestic funds accumulating,25928 - 26927,25928.0,26927.0,22508.65,22633.8,22464.75,22552.5,BREACHED_BELOW
2025-03-10,Monday,March,9:00 AM - MARKET OPEN,India Today Business,BUY,25958.0,26695.36,25650.72,1:2.4,2.84%,STRONG BULLISH,Breakout above 26500 | Momentum Building,25944,26935,UPSIDE: 97 points,"Metals weakness | Tata Steel, JSW Steel under pressure",25944 - 26935,25944.0,26935.0,22521.85,22676.75,22429.05,22460.3,BREACHED_BELOW
2025-03-11,Tuesday,March,9:00 AM - MARKET OPEN,India Today Business,SELL,26076.4,25280.69,26431.56,1:2.24,3.05%,STRONG BULLISH,Bollinger Bands Squeeze | Volatility Expected,25890,26970,DOWNSIDE: 77 points,"Realty sector gaining traction | DLF, Oberoi up",25890 - 26970,25890.0,26970.0,22345.95,22522.1,22314.7,22497.9,BREACHED_BELOW
2025-03-12,Wednesday,March,9:00 AM - MARKET OPEN,India Today Business,SELL,26349.8,25103.85,26794.32,1:2.8,4.73%,MODERATELY BULLISH,Support Breach | Watch 25800,26000,26997,DOWNSIDE: 71 points,"Chemical sector focus | Atul, Bayer gains on exports",26000 - 26997,26000.0,26997.0,22536.35,22577.4,22329.55,22470.5,BREACHED_BELOW
2025-03-13,Thursday,March,9:00 AM - MARKET OPEN,India Today Business,SELL,26432.2,25697.75,26703.96,1:2.7,2.78%,NEUTRAL/BULLISH,Support Breach | Watch 25800,25922,26802,DOWNSIDE: 88 points,"Auto sector rally on festival demand | Maruti, Bajaj strong",25922 - 26802,25922.0,26802.0,22541.5,22558.05,22377.35,22397.2,BREACHED_BELOW
2025-03-14,Friday,March,9:00 AM - MARKET OPEN,India Today Business,SELL,26766.6,26034.2,27038.17,1:2.7,2.74%,NEUTRAL/BULLISH,Breakout above 26500 | Momentum Building,25986,26973,DOWNSIDE: 131 points,DII support strong | Domestic funds accumulating,25986 - 26973,25986.0,26973.0,,,,,NO_DATA
2025-03-17,Monday,March,9:00 AM - MARKET OPEN,India Today Business,BUY,26604.0,27700.99,26165.5,1:2.5,4.12%,STRONG BULLISH,RSI Overbought | Consolidation Zone,25903,26863,UPSIDE: 78 points,Q3 earnings season | Corporate profits robust,25903 - 26863,25903.0,26863.0,22353.15,22577.0,22353.15,22508.75,BREACHED_BELOW
2025-03-18,Tuesday,March,9:00 AM - MARKET OPEN,India Today Business,BUY,26339.4,27656.09,25841.03,1:2.64,5.0%,NEUTRAL/BULLISH,RSI Overbought | Consolidation Zone,25888,26908,UPSIDE: 172 points,"Chemical sector focus | Atul, Bayer gains on exports",25888 - 26908,25888.0,26908.0,22662.25,22857.8,22599.2,22834.3,BREACHED_BELOW
2025-03-19,Wednesday,March,9:00 AM - MARKET OPEN,India Today Business,BUY,26744.8,27626.06,26256.08,1:1.8,3.3%,STRONG BULLISH,Golden Cross | Resistance at 27000,25884,26982,UPSIDE: 89 points,Telecom strength | Bharti Airtel gains on tariff hikes,25884 - 26982,25884.0,26982.0,22874.95,22940.7,22807.95,22907.6,BREACHED_BELOW
2025-03-20,Thursday,March,9:00 AM - MARKET OPEN,India Today Business,BUY,26955.2,27938.2,26497.3,1:2.15,3.65%,BULLISH,Double Bottom | Reversal Expected,25903,26932,UPSIDE: 66 points,"Auto sector rally on festival demand | Maruti, Bajaj strong",25903 - 26932,25903.0,26932.0,23036.6,23216.7,22973.95,23190.65,BREACHED_BELOW
2025-03-21,Friday,March,9:00 AM - MARKET OPEN,India Today Business,BUY,26723.6,27511.85,26320.8,1:1.96,2.95%,BULLISH,Breakout above 26500 | Momentum Building,25960,26820,UPSIDE: 100 points,DII support strong | Domestic funds accumulating,25960 - 26820,25960.0,26820.0,23168.25,23402.7,23132.8,23350.4,BREACHED_BELOW
2025-03-24,Monday,March,9:00 AM - MARKET OPEN,India Today Business,SELL,26081.0,24881.78,26515.06,1:2.76,4.6%,STRONG BULLISH,Golden Cross | Resistance at 27000,25923,26834,DOWNSIDE: 133 points,Energy stocks leading | Oil majors positive on crude rally,25923 - 26834,25923.0,26834.0,23515.4,23708.75,23433.5,23658.35,BREACHED_BELOW
2025-03-25,Tuesday,March,9:00 AM - MARKET OPEN,India Today Business,SELL,26284.4,25489.21,26664.56,1:2.09,3.03%,MODERATELY BULLISH,Triangle Breakout | Directional Move,25944,26963,DOWNSIDE: 55 points,"IT sector weakness capping gains | TCS, Infosys selling pressure",25944 - 26963,25944.0,26963.0,23751.5,23869.6,23601.4,23668.65,BREACHED_BELOW
2025-03-26,Wednesday,March,9:00 AM - MARKET OPEN,India Today Business,SELL,26597.8,25378.96,27043.77,1:2.73,4.58%,MODERATELY BULLISH,Head & Shoulders | Downside Risk,25940,26870,DOWNSIDE: 149 points,"Banking stocks driving rally | HDFC Bank, ICICI Bank, Axis Bank gains",25940 - 26870,25940.0,26870.0,23700.95,23736.5,23451.7,23486.85,BREACHED_BELOW
2025-03-27,Thursday,March,9:00 AM - MARKET OPEN,India Today Business,SELL,26930.2,26217.73,27282.14,1:2.02,2.65%,BULLISH,Support Breach | Watch 25800,25847,26950,DOWNSIDE: 78 points,"Infrastructure boom | Larsen & Toubro, L&T Infotech gains",25847 - 26950,25847.0,26950.0,23433.95,23646.45,23412.2,23591.95,BREACHED_BELOW
2025-03-28,Friday,March,9:00 AM - MARKET OPEN,India Today Business,BUY,26426.6,27253.58,26081.81,1:2.4,3.13%,MODERATELY BULLISH,Head & Shoulders | Downside Risk,25955,26892,UPSIDE: 95 points,"IT sector weakness capping gains | TCS, Infosys selling pressure",25955 - 26892,25955.0,26892.0,23600.4,23649.2,23450.2,23519.35,BREACHED_BELOW
2025-04-01,Tuesday,April,9:00 AM - MARKET OPEN,India Today Business,BUY,26217.0,26877.08,25740.02,1:1.38,2.52%,NEUTRAL/BEARISH,Head & Shoulders | Downside Risk,25887,26939,UPSIDE: 200 points,Q3 earnings season | Corporate profits robust,25887 - 26939,25887.0,26939.0,23341.1,23565.15,23136.4,23165.7,BREACHED_BELOW
2025-04-02,Wednesday,April,9:00 AM - MARKET OPEN,India Today Business,SELL,27036.4,26339.95,27574.79,1:1.29,2.58%,NEUTRAL/BEARISH,Higher High-Higher Low | Bull Run Continues,25815,26983,DOWNSIDE: 101 points,"Chemical sector focus | Atul, Bayer gains on exports",25815 - 26983,25815.0,26983.0,23192.6,23350.0,23158.45,23332.35,BREACHED_BELOW
2025-04-03,Thursday,April,9:00 AM - MARKET OPEN,India Today Business,BUY,26995.8,28062.12,26533.89,1:2.31,3.95%,MODERATELY BULLISH,Higher High-Higher Low | Bull Run Continues,25976,26979,UPSIDE: 177 points,"Chemical sector focus | Atul, Bayer gains on exports",25976 - 26979,25976.0,26979.0,23150.3,23306.5,23145.8,23250.1,BREACHED_BELOW
2025-04-04,Friday,April,9:00 AM - MARKET OPEN,India Today Business,SELL,26690.2,25913.13,27028.08,1:2.3,2.91%,NEUTRAL/BULLISH,Double Bottom | Reversal Expected,25804,26992,DOWNSIDE: 66 points,"Infrastructure boom | Larsen & Toubro, L&T Infotech gains",25804 - 26992,25804.0,26992.0,23190.4,23214.7,22857.45,22904.45,BREACHED_BELOW
2025-04-07,Monday,April,9:00 AM - MARKET OPEN,India Today Business,BUY,26625.6,27851.38,26270.36,1:3.45,4.6%,BULLISH,Moving Average Crossover | Trend Change,25967,26823,UPSIDE: 161 points,"Realty sector gaining traction | DLF, Oberoi up",25967 - 26823,25967.0,26823.0,21758.4,22254.0,21743.65,22161.6,BREACHED_BELOW
2025-04-08,Tuesday,April,9:00 AM - MARKET OPEN,India Today Business,SELL,26743.0,26090.97,27084.25,1:1.91,2.44%,BULLISH,Moving Average Crossover | Trend Change,25869,26985,DOWNSIDE: 61 points,"Auto sector rally on festival demand | Maruti, Bajaj strong",25869 - 26985,25869.0,26985.0,22446.75,22697.2,22270.85,22535.85,BREACHED_BELOW
2025-04-09,Wednesday,April,9:00 AM - MARKET OPEN,India Today Business,BUY,26393.4,27347.51,25928.08,1:2.05,3.61%,NEUTRAL/BULLISH,Golden Cross | Resistance at 27000,25808,26825,UPSIDE: 158 points,"Auto sector rally on festival demand | Maruti, Bajaj strong",25808 - 26825,25808.0,26825.0,22460.3,22468.7,22353.25,22399.15,BREACHED_BELOW
2025-04-10,Thursday,April,9:00 AM - MARKET OPEN,India Today Business,SELL,26776.8,25492.64,27203.69,1:3.01,4.8%,STRONG BULLISH,Higher High-Higher Low | Bull Run Continues,25948,26961,DOWNSIDE: 134 points,"Pharma rotation | Dr Reddy, Sun Pharma outperformers",25948 - 26961,25948.0,26961.0,,,,,NO_DATA
2025-04-14,Monday,April,9:00 AM - MARKET OPEN,India Today Business,BUY,26630.2,27400.67,26300.18,1:2.33,2.89%,BULLISH,Bollinger Bands Squeeze | Volatility Expected,25963,26964,UPSIDE: 157 points,"Auto sector rally on festival demand | Maruti, Bajaj strong",25963 - 26964,25963.0,26964.0,,,,,NO_DATA
2025-04-15,Tuesday,April,9:00 AM - MARKET OPEN,India Today Business,SELL,26488.6,25668.41,26754.48,1:3.08,3.1%,STRONG BULLISH,Moving Average Crossover | Trend Change,25971,26963,DOWNSIDE: 154 points,FII flows remain positive | Foreign buying continues,25971 - 26963,25971.0,26963.0,23368.35,23368.35,23207.0,23328.55,BREACHED_BELOW
2025-04-16,Wednesday,April,9:00 AM - MARKET OPEN,India Today Business,BUY,26863.0,28155.52,26506.79,1:3.63,4.81%,NEUTRAL/BULLISH,Moving Average Crossover | Trend Change,25830,26900,UPSIDE: 146 points,"Chemical sector focus | Atul, Bayer gains on exports",25830 - 26900,25830.0,26900.0,23344.1,23452.2,23273.05,23437.2,BREACHED_BELOW
2025-04-18,Friday,April,9:00 AM - MARKET OPEN,India Today Business,SELL,26759.4,25975.02,27244.95,1:1.62,2.93%,NEUTRAL,Bollinger Bands Squeeze | Volatility Expected,25946,26860,DOWNSIDE: 158 points,"Pharma rotation | Dr Reddy, Sun Pharma outperformers",25946 - 26860,25946.0,26860.0,,,,,NO_DATA
2025-04-22,Tuesday,April,9:00 AM - MARKET OPEN,India Today Business,SELL,26279.8,25574.05,26586.54,1:2.3,2.69%,BULLISH,Higher High-Higher Low | Bull Run Continues,25977,26806,DOWNSIDE: 176 points,"FMCG holding support | ITC, HUL steady amid volatility",25977 - 26806,25977.0,26806.0,24185.4,24242.6,24072.0,24167.25,BREACHED_BELOW
2025-04-23,Wednesday,April,9:00 AM - MARKET OPEN,India Today Business,BUY,26971.2,28103.99,26435.09,1:2.11,4.2%,MODERATELY BULLISH,Bullish Engulfing | Support at 26000,25931,26954,UPSIDE: 193 points,Cement stocks stable | UltraTech holding ground,25931 - 26954,25931.0,26954.0,24357.6,24359.3,24119.95,24328.95,BREACHED_BELOW
2025-04-24,Thursday,April,9:00 AM - MARKET OPEN,India Today Business,SELL,26434.6,25287.21,26859.88,1:2.7,4.34%,BULLISH,Bollinger Bands Squeeze | Volatility Expected,25938,26903,DOWNSIDE: 177 points,Q3 earnings season | Corporate profits robust,25938 - 26903,25938.0,26903.0,24277.9,24347.85,24216.15,24246.7,BREACHED_BELOW
2025-04-25,Friday,April,9:00 AM - MARKET OPEN,India Today Business,SELL,26860.0,26142.53,27371.67,1:1.4,2.67%,BULLISH,Bollinger Bands Squeeze | Volatility Expected,25962,26969,DOWNSIDE: 144 points,Energy stocks leading | Oil majors positive on crude rally,25962 - 26969,25962.0,26969.0,24289.0,24365.45,23847.85,24039.35,BREACHED_BELOW
2025-04-28,Monday,April,9:00 AM - MARKET OPEN,India Today Business,SELL,26441.4,25315.62,26820.97,1:2.97,4.26%,MODERATELY BULLISH,Moving Average Crossover | Trend Change,25869,26964,DOWNSIDE: 171 points,"Infrastructure boom | Larsen & Toubro, L&T Infotech gains",25869 - 26964,25869.0,26964.0,24070.25,24355.1,24054.05,24328.5,BREACHED_BELOW
2025-04-29,Tuesday,April,9:00 AM - MARKET OPEN,India Today Business,SELL,26840.8,25584.08,27160.31,1:3.93,4.68%,MODERATELY BULLISH,Moving Average Crossover | Trend Change,25955,26896,DOWNSIDE: 198 points,"Chemical sector focus | Atul, Bayer gains on exports",25955 - 26896,25955.0,26896.0,24370.7,24457.65,24290.75,24335.95,BREACHED_BELOW
2025-04-30,Wednesday,April,9:00 AM - MARKET OPEN,India Today Business,BUY,26682.2,27920.6,26186.06,1:2.5,4.64%,BULLISH,Higher High-Higher Low | Bull Run Continues,25927,26912,UPSIDE: 147 points,"Pharma rotation | Dr Reddy, Sun Pharma outperformers",25927 - 26912,25927.0,26912.0,24342.05,24396.15,24198.75,24334.2,BREACHED_BELOW
2025-05-01,Thursday,May,9:00 AM - MARKET OPEN,India Today Business,SELL,27121.6,26350.12,27553.06,1:1.79,2.84%,BULLISH,RSI Overbought | Consolidation Zone,25997,26915,DOWNSIDE: 97 points,"Banking stocks driving rally | HDFC Bank, ICICI Bank, Axis Bank gains",25997 - 26915,25997.0,26915.0,,,,,NO_DATA
2025-05-02,Friday,May,9:00 AM - MARKET OPEN,India Today Business,BUY,26529.0,27190.3,26099.76,1:1.54,2.49%,MODERATELY BULLISH,Breakout above 26500 | Momentum Building,25880,26803,UPSIDE: 141 points,FII flows remain positive | Foreign buying continues,25880 - 26803,25880.0,26803.0,24311.9,24589.15,24238.5,24346.7,BREACHED_BELOW
2025-05-05,Monday,May,9:00 AM - MARKET OPEN,India Today Business,BUY,27154.4,27938.93,26655.47,1:1.57,2.89%,NEUTRAL/BULLISH,Bullish Engulfing | Support at 26000,25802,26886,UPSIDE: 168 points,FII flows remain positive | Foreign buying continues,25802 - 26886,25802.0,26886.0,24419.5,24526.4,24400.65,24461.15,BREACHED_BELOW
2025-05-06,Tuesday,May,9:00 AM - MARKET OPEN,India Today Business,SELL,26611.8,25457.91,27142.45,1:2.17,4.34%,NEUTRAL,Support Breach | Watch 25800,25866,26944,DOWNSIDE: 109 points,"Metals weakness | Tata Steel, JSW Steel under pressure",25866 - 26944,25866.0,26944.0,24500.75,24509.65,24331.8,24379.6,BREACHED_BELOW
2025-05-07,Wednesday,May,9:00 AM - MARKET OPEN,India Today Business,BUY,26744.2,27282.88,26222.15,1:1.03,2.01%,NEUTRAL/BEARISH,Higher High-Higher Low | Bull Run Continues,25866,26938,UPSIDE: 68 points,FII flows remain positive | Foreign buying continues,25866 - 26938,25866.0,26938.0,24233.3,24449.6,24220.0,24414.4,BREACHED_BELOW
2025-05-08,Thursday,May,9:00 AM - MARKET OPEN,India Today Business,BUY,27189.6,28067.43,26722.07,1:1.88,3.23%,NEUTRAL/BULLISH,Triangle Breakout | Directional Move,25989,26996,UPSIDE: 157 points,"Banking stocks driving rally | HDFC Bank, ICICI Bank, Axis Bank gains",25989 - 26996,25989.0,26996.0,24431.5,24447.25,24150.2,24273.8,BREACHED_BELOW
2025-05-09,Friday,May,9:00 AM - MARKET OPEN,India Today Business,SELL,26543.0,25867.36,26862.52,1:2.11,2.55%,MODERATELY BULLISH,Golden Cross | Resistance at 27000,25983,26944,DOWNSIDE: 81 points,FII flows remain positive | Foreign buying continues,25983 - 26944,25983.0,26944.0,23935.75,24164.25,23935.75,24008.0,BREACHED_BELOW
2025-05-12,Monday,May,9:00 AM - MARKET OPEN,India Today Business,SELL,26687.4,25630.81,27201.79,1:2.05,3.96%,NEUTRAL/BULLISH,Bollinger Bands Squeeze | Volatility Expected,25955,26947,DOWNSIDE: 77 points,Cement stocks stable | UltraTech holding ground,25955 - 26947,25955.0,26947.0,24420.1,24944.8,24378.85,24924.7,BREACHED_BELOW
2025-05-13,Tuesday,May,9:00 AM - MARKET OPEN,India Today Business,BUY,26855.8,28182.86,26327.04,1:2.51,4.94%,MODERATELY BULLISH,Breakout above 26500 | Momentum Building,25998,26815,UPSIDE: 61 points,Energy stocks leading | Oil majors positive on crude rally,25998 - 26815,25998.0,26815.0,24864.05,24973.8,24547.5,24578.35,BREACHED_BELOW
2025-05-14,Wednesday,May,9:00 AM - MARKET OPEN,India Today Business,SELL,27056.2,26113.02,27495.43,1:2.15,3.49%,NEUTRAL/BULLISH,Breakout above 26500 | Momentum Building,25953,26810,DOWNSIDE: 137 points,"Realty sector gaining traction | DLF, Oberoi up",25953 - 26810,25953.0,26810.0,24613.8,24767.55,24535.55,24666.9,BREACHED_BELOW
2025-05-15,Thursday,May,9:00 AM - MARKET OPEN,India Today Business,SELL,26740.6,25874.71,27064.35,1:2.67,3.24%,BULLISH,Golden Cross | Resistance at 27000,25876,26816,DOWNSIDE: 61 points,Telecom strength | Bharti Airtel gains on tariff hikes,25876 - 26816,25876.0,26816.0,24694.45,25116.25,24494.45,25062.1,BREACHED_BELOW
2025-05-16,Friday,May,9:00 AM - MARKET OPEN,India Today Business,BUY,26571.0,27412.26,26290.37,1:3.0,3.17%,BULLISH,Support Breach | Watch 25800,25804,26882,UPSIDE: 185 points,"Banking stocks driving rally | HDFC Bank, ICICI Bank, Axis Bank gains",25804 - 26882,25804.0,26882.0,25064.65,25070.0,24953.05,25019.8,BREACHED_BELOW
2025-05-19,Monday,May,9:00 AM - MARKET OPEN,India Today Business,BUY,27109.4,27699.07,26745.37,1:1.62,2.18%,MODERATELY BULLISH,Bollinger Bands Squeeze | Volatility Expected,25867,26814,UPSIDE: 171 points,Q3 earnings season | Corporate profits robust,25867 - 26814,25867.0,26814.0,25005.35,25062.95,24916.65,24945.45,BREACHED_BELOW
2025-05-20,Tuesday,May,9:00 AM - MARKET OPEN,India Today Business,SELL,26448.8,25902.81,26852.35,1:1.35,2.06%,NEUTRAL,Double Bottom | Reversal Expected,25877,26834,DOWNSIDE: 181 points,"Realty sector gaining traction | DLF, Oberoi up",25877 - 26834,25877.0,26834.0,24996.2,25010.35,24669.7,24683.9,BREACHED_BELOW
2025-05-21,Wednesday,May,9:00 AM - MARKET OPEN,India Today Business,SELL,26983.2,25807.72,27515.46,1:2.21,4.36%,MODERATELY BULLISH,Moving Average Crossover | Trend Change,25846,26961,DOWNSIDE: 89 points,"FMCG holding support | ITC, HUL steady amid volatility",25846 - 26961,25846.0,26961.0,24744.25,24946.2,24685.35,24813.45,BREACHED_BELOW
2025-05-22,Thursday,May,9:00 AM - MARKET OPEN,India Today Business,BUY,26306.6,27313.22,25868.54,1:2.3,3.83%,STRONG BULLISH,Bullish Engulfing | Support at 26000,25881,26944,UPSIDE: 97 points,Energy stocks leading | Oil majors positive on crude rally,25881 - 26944,25881.0,26944.0,24733.95,24737.5,24462.4,24609.7,BREACHED_BELOW
2025-05-26,Monday,May,9:00 AM - MARKET OPEN,India Today Business,SELL,27239.0,26187.18,27583.1,1:3.06,3.86%,STRONG BULLISH,Bullish Engulfing | Support at 26000,25871,26878,DOWNSIDE: 61 points,"Realty sector gaining traction | DLF, Oberoi up",25871 - 26878,25871.0,26878.0,24919.35,25079.2,24900.5,25001.15,BREACHED_BELOW
2025-05-27,Tuesday,May,9:00 AM - MARKET OPEN,India Today Business,SELL,26285.4,25084.28,26595.37,1:3.87,4.57%,MODERATELY BULLISH,Higher High-Higher Low | Bull Run Continues,25966,26838,DOWNSIDE: 57 points,"Chemical sector focus | Atul, Bayer gains on exports",25966 - 26838,25966.0,26838.0,24956.65,25062.9,24704.1,24826.2,BREACHED_BELOW
2025-05-28,Wednesday,May,9:00 AM - MARKET OPEN,India Today Business,BUY,26571.8,27650.92,26231.77,1:3.17,4.06%,NEUTRAL,Triangle Breakout | Directional Move,25998,26850,UPSIDE: 182 points,FII flows remain positive | Foreign buying continues,25998 - 26850,25998.0,26850.0,24832.5,24864.25,24737.05,24752.45,BREACHED_BELOW
2025-05-29,Thursday,May,9:00 AM - MARKET OPEN,India Today Business,BUY,26397.2,27465.11,25952.22,1:2.4,4.05%,NEUTRAL,Bollinger Bands Squeeze | Volatility Expected,25914,26936,UPSIDE: 106 points,Cement stocks stable | UltraTech holding ground,25914 - 26936,25914.0,26936.0,24825.1,24892.6,24677.3,24833.6,BREACHED_BELOW
2025-05-30,Friday,May,9:00 AM - MARKET OPEN,India Today Business,SELL,26415.6,25482.4,26876.23,1:2.03,3.53%,NEUTRAL/BULLISH,Triangle Breakout | Directional Move,25827,26992,DOWNSIDE: 124 points,"FMCG holding support | ITC, HUL steady amid volatility",25827 - 26992,25827.0,26992.0,24812.6,24863.95,24717.4,24750.7,BREACHED_BELOW
2025-06-02,Monday,June,9:00 AM - MARKET OPEN,India Today Business,SELL,26981.0,25945.57,27461.92,1:2.15,3.84%,NEUTRAL,Moving Average Crossover | Trend Change,25923,26807,DOWNSIDE: 140 points,"Pharma rotation | Dr Reddy, Sun Pharma outperformers",25923 - 26807,25923.0,26807.0,24669.7,24754.4,24526.15,24716.6,BREACHED_BELOW
2025-06-03,Tuesday,June,9:00 AM - MARKET OPEN,India Today Business,BUY,26785.4,27912.13,26426.31,1:3.14,4.21%,MODERATELY BULLISH,Bollinger Bands Squeeze | Volatility Expected,25967,26987,UPSIDE: 179 points,"IT sector weakness capping gains | TCS, Infosys selling pressure",25967 - 26987,25967.0,26987.0,24786.3,24845.1,24502.15,24542.5,BREACHED_BELOW
2025-06-04,Wednesday,June,9:00 AM - MARKET OPEN,India Today Business,SELL,27042.8,25724.6,27568.58,1:2.51,4.87%,NEUTRAL/BULLISH,Bearish Divergence | Profit Taking,25983,26861,DOWNSIDE: 60 points,"IT sector weakness capping gains | TCS, Infosys selling pressure",25983 - 26861,25983.0,26861.0,24560.45,24644.25,24530.45,24620.2,BREACHED_BELOW
2025-06-05,Thursday,June,9:00 AM - MARKET OPEN,India Today Business,BUY,26523.2,27098.93,26227.34,1:1.95,2.17%,MODERATELY BULLISH,Moving Average Crossover | Trend Change,25848,26855,UPSIDE: 129 points,"Metals weakness | Tata Steel, JSW Steel under pressure",25848 - 26855,25848.0,26855.0,24691.2,24899.85,24613.1,24750.9,BREACHED_BELOW
2025-06-06,Friday,June,9:00 AM - MARKET OPEN,India Today Business,SELL,27069.6,25883.31,27394.48,1:3.65,4.38%,STRONG BULLISH,Moving Average Crossover | Trend Change,25989,26923,DOWNSIDE: 92 points,"Infrastructure boom | Larsen & Toubro, L&T Infotech gains",25989 - 26923,25989.0,26923.0,24748.7,25029.5,24671.45,25003.05,BREACHED_BELOW
2025-06-09,Monday,June,9:00 AM - MARKET OPEN,India Today Business,SELL,26840.0,25647.55,27370.92,1:2.25,4.44%,BULLISH,Triangle Breakout | Directional Move,25937,26933,DOWNSIDE: 156 points,"FMCG holding support | ITC, HUL steady amid volatility",25937 - 26933,25937.0,26933.0,25160.1,25160.1,25077.15,25103.2,BREACHED_BELOW
2025-06-10,Tuesday,June,9:00 AM - MARKET OPEN,India Today Business,BUY,27275.4,28246.9,26922.18,1:2.75,3.56%,STRONG BULLISH,Bearish Divergence | Profit Taking,25958,26922,UPSIDE: 109 points,"Chemical sector focus | Atul, Bayer gains on exports",25958 - 26922,25958.0,26922.0,25196.05,25199.3,25055.45,25104.25,BREACHED_BELOW
2025-06-11,Wednesday,June,9:00 AM - MARKET OPEN,India Today Business,SELL,26837.8,25597.02,27300.91,1:2.68,4.62%,STRONG BULLISH,Double Bottom | Reversal Expected,25821,26936,DOWNSIDE: 114 points,DII support strong | Domestic funds accumulating,25821 - 26936,25821.0,26936.0,25134.15,25222.4,25081.3,25141.4,BREACHED_BELOW
2025-06-12,Thursday,June,9:00 AM - MARKET OPEN,India Today Business,BUY,26352.2,27493.38,25991.07,1:3.16,4.33%,MODERATELY BULLISH,RSI Overbought | Consolidation Zone,25911,26887,UPSIDE: 115 points,DII support strong | Domestic funds accumulating,25911 - 26887,25911.0,26887.0,25164.45,25196.2,24825.9,24888.2,BREACHED_BELOW
2025-06-13,Friday,June,9:00 AM - MARKET OPEN,India Today Business,SELL,26951.6,25703.05,27334.87,1:3.26,4.63%,NEUTRAL,Bullish Engulfing | Support at 26000,25801,26932,DOWNSIDE: 190 points,"Pharma rotation | Dr Reddy, Sun Pharma outperformers",25801 - 26932,25801.0,26932.0,24473.0,24754.35,24473.0,24718.6,BREACHED_BELOW
2025-06-16,Monday,June,9:00 AM - MARKET OPEN,India Today Business,SELL,26480.0,25719.81,26957.52,1:1.59,2.87%,NEUTRAL,Breakout above 26500 | Momentum Building,25897,26943,DOWNSIDE: 197 points,Telecom strength | Bharti Airtel gains on tariff hikes,25897 - 26943,25897.0,26943.0,24732.35,24967.1,24703.6,24946.5,BREACHED_BELOW
2025-06-17,Tuesday,June,9:00 AM - MARKET OPEN,India Today Business,BUY,27025.4,27921.28,26542.47,1:1.86,3.31%,NEUTRAL/BULLISH,Support Breach | Watch 25800,25954,26812,UPSIDE: 198 points,"Metals weakness | Tata Steel, JSW Steel under pressure",25954 - 26812,25954.0,26812.0,24977.85,24982.05,24813.7,24853.4,BREACHED_BELOW
2025-06-18,Wednesday,June,9:00 AM - MARKET OPEN,India Today Business,BUY,26698.8,27439.08,26198.77,1:1.48,2.77%,NEUTRAL/BULLISH,Bullish Engulfing | Support at 26000,25932,26837,UPSIDE: 134 points,"Auto sector rally on festival demand | Maruti, Bajaj strong",25932 - 26837,25932.0,26837.0,24788.35,24947.55,24750.45,24812.05,BREACHED_BELOW
2025-06-19,Thursday,June,9:00 AM - MARKET OPEN,India Today Business,SELL,26683.2,25589.02,27001.4,1:3.44,4.1%,MODERATELY BULLISH,Golden Cross | Resistance at 27000,25946,26995,DOWNSIDE: 60 points,Q3 earnings season | Corporate profits robust,25946 - 26995,25946.0,26995.0,24803.25,24863.1,24733.4,24793.25,BREACHED_BELOW
2025-06-20,Friday,June,9:00 AM - MARKET OPEN,India Today Business,SELL,26859.6,25860.44,27150.42,1:3.44,3.72%,NEUTRAL/BULLISH,Bullish Engulfing | Support at 26000,25945,26876,DOWNSIDE: 88 points,DII support strong | Domestic funds accumulating,25945 - 26876,25945.0,26876.0,24787.65,25136.2,24783.65,25112.4,BREACHED_BELOW
2025-06-23,Monday,June,9:00 AM - MARKET OPEN,India Today Business,BUY,26663.0,27971.43,26254.37,1:3.2,4.91%,STRONG BULLISH,Golden Cross | Resistance at 27000,25990,26823,UPSIDE: 155 points,"Realty sector gaining traction | DLF, Oberoi up",25990 - 26823,25990.0,26823.0,24939.75,25057.0,24824.85,24971.9,BREACHED_BELOW
2025-06-24,Tuesday,June,9:00 AM - MARKET OPEN,India Today Business,SELL,26975.4,26215.37,27325.17,1:2.17,2.82%,MODERATELY BULLISH,Bullish Engulfing | Support at 26000,25969,26842,DOWNSIDE: 51 points,Energy stocks leading | Oil majors positive on crude rally,25969 - 26842,25969.0,26842.0,25179.9,25317.7,24999.7,25044.35,BREACHED_BELOW
2025-06-25,Wednesday,June,9:00 AM - MARKET OPEN,India Today Business,SELL,26655.8,25555.8,26993.19,1:3.26,4.13%,BULLISH,RSI Overbought | Consolidation Zone,25820,26825,DOWNSIDE: 65 points,Q3 earnings season | Corporate profits robust,25820 - 26825,25820.0,26825.0,25150.35,25266.8,25125.05,25244.75,BREACHED_BELOW
2025-06-26,Thursday,June,9:00 AM - MARKET OPEN,India Today Business,SELL,26580.2,25976.76,27068.15,1:1.24,2.27%,NEUTRAL,Support Breach | Watch 25800,25943,26848,DOWNSIDE: 170 points,"FMCG holding support | ITC, HUL steady amid volatility",25943 - 26848,25943.0,26848.0,25268.95,25565.3,25259.9,25549.0,BREACHED_BELOW
2025-06-27,Friday,June,9:00 AM - MARKET OPEN,India Today Business,SELL,26491.6,25374.92,26938.07,1:2.5,4.22%,MODERATELY BULLISH,Golden Cross | Resistance at 27000,25982,26922,DOWNSIDE: 174 points,Cement stocks stable | UltraTech holding ground,25982 - 26922,25982.0,26922.0,25576.65,25654.2,25523.55,25637.8,BREACHED_BELOW
2025-07-01,Tuesday,July,9:00 AM - MARKET OPEN,India Today Business,SELL,27209.0,25919.04,27581.62,1:3.46,4.74%,NEUTRAL/BULLISH,Triangle Breakout | Directional Move,25824,26868,DOWNSIDE: 144 points,Telecom strength | Bharti Airtel gains on tariff hikes,25824 - 26868,25824.0,26868.0,25551.35,25593.4,25501.8,25541.8,BREACHED_BELOW
2025-07-02,Wednesday,July,9:00 AM - MARKET OPEN,India Today Business,BUY,27404.4,28199.43,27105.54,1:2.66,2.9%,NEUTRAL,Bullish Engulfing | Support at 26000,25873,26957,UPSIDE: 148 points,"FMCG holding support | ITC, HUL steady amid volatility",25873 - 26957,25873.0,26957.0,25588.3,25608.1,25378.75,25453.4,BREACHED_BELOW
2025-07-03,Thursday,July,9:00 AM - MARKET OPEN,India Today Business,BUY,26512.8,27099.99,26096.24,1:1.41,2.21%,NEUTRAL,Double Bottom | Reversal Expected,25999,26972,UPSIDE: 149 points,Q3 earnings season | Corporate profits robust,25999 - 26972,25999.0,26972.0,25505.1,25587.5,25384.35,25405.3,BREACHED_BELOW
2025-07-04,Friday,July,9:00 AM - MARKET OPEN,India Today Business,SELL,26536.2,25389.09,27059.2,1:2.19,4.32%,BULLISH,Bullish Engulfing | Support at 26000,25924,26958,DOWNSIDE: 113 points,Telecom strength | Bharti Airtel gains on tariff hikes,25924 - 26958,25924.0,26958.0,25428.85,25470.25,25331.65,25461.0,BREACHED_BELOW
2025-07-07,Monday,July,9:00 AM - MARKET OPEN,India Today Business,SELL,27390.6,26630.84,27915.22,1:1.45,2.77%,NEUTRAL,Golden Cross | Resistance at 27000,25974,26810,DOWNSIDE: 162 points,Telecom strength | Bharti Airtel gains on tariff hikes,25974 - 26810,25974.0,26810.0,25450.45,25489.8,25407.25,25461.3,BREACHED_BELOW
2025-07-08,Tuesday,July,9:00 AM - MARKET OPEN,India Today Business,BUY,27428.0,28387.15,26909.22,1:1.85,3.5%,STRONG BULLISH,RSI Overbought | Consolidation Zone,25937,26899,UPSIDE: 113 points,DII support strong | Domestic funds accumulating,25937 - 26899,25937.0,26899.0,25427.85,25548.05,25424.15,25522.5,BREACHED_BELOW
2025-07-09,Wednesday,July,9:00 AM - MARKET OPEN,India Today Business,BUY,26615.4,27168.1,26147.38,1:1.18,2.08%,BULLISH,Moving Average Crossover | Trend Change,25960,26877,UPSIDE: 143 points,"Banking stocks driving rally | HDFC Bank, ICICI Bank, Axis Bank gains",25960 - 26877,25960.0,26877.0,25514.6,25548.7,25424.35,25476.1,BREACHED_BELOW
2025-07-10,Thursday,July,9:00 AM - MARKET OPEN,India Today Business,SELL,26600.8,25989.11,27074.09,1:1.29,2.3%,NEUTRAL/BULLISH,Double Bottom | Reversal Expected,25867,26810,DOWNSIDE: 122 points,DII support strong | Domestic funds accumulating,25867 - 26810,25867.0,26810.0,25511.65,25524.05,25340.45,25355.25,BREACHED_BELOW
2025-07-11,Friday,July,9:00 AM - MARKET OPEN,India Today Business,SELL,27140.2,26279.88,27660.11,1:1.65,3.17%,BULLISH,Golden Cross | Resistance at 27000,25924,26994,DOWNSIDE: 86 points,FII flows remain positive | Foreign buying continues,25924 - 26994,25924.0,26994.0,25255.5,25322.45,25129.0,25149.85,BREACHED_BELOW
2025-07-14,Monday,July,9:00 AM - MARKET OPEN,India Today Business,BUY,26700.6,27867.26,26254.18,1:2.61,4.37%,STRONG BULLISH,RSI Overbought | Consolidation Zone,25982,26918,UPSIDE: 91 points,"Realty sector gaining traction | DLF, Oberoi up",25982 - 26918,25982.0,26918.0,25149.5,25151.1,25001.95,25082.3,BREACHED_BELOW
2025-07-15,Tuesday,July,9:00 AM - MARKET OPEN,India Today Business,BUY,27490.0,28435.69,26980.56,1:1.86,3.44%,STRONG BULLISH,RSI Overbought | Consolidation Zone,25860,26998,UPSIDE: 69 points,"Auto sector rally on festival demand | Maruti, Bajaj strong",25860 - 26998,25860.0,26998.0,25089.5,25245.2,25088.45,25195.8,BREACHED_BELOW
2025-07-16,Wednesday,July,9:00 AM - MARKET OPEN,India Today Business,SELL,27477.4,26524.12,27784.28,1:3.11,3.47%,NEUTRAL,Higher High-Higher Low | Bull Run Continues,25892,26978,DOWNSIDE: 107 points,"FMCG holding support | ITC, HUL steady amid volatility",25892 - 26978,25892.0,26978.0,25196.6,25255.3,25121.05,25212.05,BREACHED_BELOW
2025-07-17,Thursday,July,9:00 AM - MARKET OPEN,India Today Business,BUY,26572.8,27889.89,26187.68,1:3.42,4.96%,NEUTRAL/BULLISH,Support Breach | Watch 25800,25860,26970,UPSIDE: 173 points,Telecom strength | Bharti Airtel gains on tariff hikes,25860 - 26970,25860.0,26970.0,25230.75,25238.35,25101.0,25111.45,BREACHED_BELOW
2025-07-18,Friday,July,9:00 AM - MARKET OPEN,India Today Business,SELL,27086.2,26022.05,27371.01,1:3.74,3.93%,BULLISH,RSI Overbought | Consolidation Zone,25891,26805,DOWNSIDE: 75 points,"Banking stocks driving rally | HDFC Bank, ICICI Bank, Axis Bank gains",25891 - 26805,25891.0,26805.0,25108.55,25144.6,24918.65,24968.4,BREACHED_BELOW
2025-07-21,Monday,July,9:00 AM - MARKET OPEN,India Today Business,BUY,26916.6,27976.04,26559.05,1:2.96,3.94%,BULLISH,Golden Cross | Resistance at 27000,25823,26945,UPSIDE: 155 points,"Pharma rotation | Dr Reddy, Sun Pharma outperformers",25823 - 26945,25823.0,26945.0,24999.0,25111.4,24882.3,25090.7,BREACHED_BELOW
2025-07-22,Tuesday,July,9:00 AM - MARKET OPEN,India Today Business,SELL,26759.0,26064.19,27080.67,1:2.16,2.6%,NEUTRAL,Higher High-Higher Low | Bull Run Continues,25938,26911,DOWNSIDE: 70 points,"Infrastructure boom | Larsen & Toubro, L&T Infotech gains",25938 - 26911,25938.0,26911.0,25166.65,25182.0,25035.55,25060.9,BREACHED_BELOW
2025-07-23,Wednesday,July,9:00 AM - MARKET OPEN,India Today Business,BUY,27009.4,27848.68,26707.1,1:2.78,3.11%,NEUTRAL,Golden Cross | Resistance at 27000,25957,26995,UPSIDE: 167 points,Telecom strength | Bharti Airtel gains on tariff hikes,25957 - 26995,25957.0,26995.0,25139.35,25233.5,25085.5,25219.9,BREACHED_BELOW
2025-07-24,Thursday,July,9:00 AM - MARKET OPEN,India Today Business,BUY,27022.8,27736.52,26644.6,1:1.89,2.64%,NEUTRAL,Golden Cross | Resistance at 27000,25806,26854,UPSIDE: 119 points,"Chemical sector focus | Atul, Bayer gains on exports",25806 - 26854,25806.0,26854.0,25243.3,25246.25,25018.7,25062.1,BREACHED_BELOW
2025-07-25,Friday,July,9:00 AM - MARKET OPEN,India Today Business,BUY,27416.2,28413.47,26954.46,1:2.16,3.64%,MODERATELY BULLISH,Support Breach | Watch 25800,25844,26856,UPSIDE: 145 points,"Auto sector rally on festival demand | Maruti, Bajaj strong",25844 - 26856,25844.0,26856.0,25010.35,25010.35,24806.35,24837.0,BREACHED_BELOW
2025-07-28,Monday,July,9:00 AM - MARKET OPEN,India Today Business,SELL,26616.6,25548.92,27025.88,1:2.61,4.01%,NEUTRAL/BULLISH,Moving Average Crossover | Trend Change,25843,26994,DOWNSIDE: 173 points,"Chemical sector focus | Atul, Bayer gains on exports",25843 - 26994,25843.0,26994.0,24782.45,24889.2,24646.6,24680.9,BREACHED_BELOW
2025-07-29,Tuesday,July,9:00 AM - MARKET OPEN,India Today Business,SELL,26652.0,25773.63,27003.21,1:2.5,3.3%,NEUTRAL,Triangle Breakout | Directional Move,25910,26847,DOWNSIDE: 172 points,DII support strong | Domestic funds accumulating,25910 - 26847,25910.0,26847.0,24609.65,24847.15,24598.6,24821.1,BREACHED_BELOW
2025-07-30,Wednesday,July,9:00 AM - MARKET OPEN,India Today Business,BUY,27207.4,27917.77,26664.47,1:1.31,2.61%,NEUTRAL,Support Breach | Watch 25800,26000,26813,UPSIDE: 76 points,Telecom strength | Bharti Airtel gains on tariff hikes,26000 - 26813,26000.0,26813.0,24890.4,24902.3,24771.95,24855.05,BREACHED_BELOW
2025-07-31,Thursday,July,9:00 AM - MARKET OPEN,India Today Business,BUY,26914.8,27640.86,26597.54,1:2.29,2.7%,NEUTRAL,Bullish Engulfing | Support at 26000,25893,26936,UPSIDE: 197 points,"Chemical sector focus | Atul, Bayer gains on exports",25893 - 26936,25893.0,26936.0,24642.25,24956.5,24635.0,24768.35,BREACHED_BELOW
2025-08-01,Friday,August,9:00 AM - MARKET OPEN,India Today Business,BUY,27402.2,28589.3,26899.2,1:2.36,4.33%,NEUTRAL/BULLISH,Head & Shoulders | Downside Risk,25913,26977,UPSIDE: 154 points,"Metals weakness | Tata Steel, JSW Steel under pressure",25913 - 26977,25913.0,26977.0,24734.9,24784.15,24535.05,24565.35,BREACHED_BELOW
2025-08-04,Monday,August,9:00 AM - MARKET OPEN,India Today Business,SELL,26972.6,26331.72,27494.53,1:1.23,2.38%,NEUTRAL,Head & Shoulders | Downside Risk,25825,26858,DOWNSIDE: 72 points,Telecom strength | Bharti Airtel gains on tariff hikes,25825 - 26858,25825.0,26858.0,24596.05,24736.25,24554.0,24722.75,BREACHED_BELOW
2025-08-05,Tuesday,August,9:00 AM - MARKET OPEN,India Today Business,SELL,27459.0,26813.94,27853.23,1:1.64,2.35%,MODERATELY BULLISH,Support Breach | Watch 25800,25826,26951,DOWNSIDE: 162 points,"Metals weakness | Tata Steel, JSW Steel under pressure",25826 - 26951,25826.0,26951.0,24720.25,24733.1,24590.3,24649.55,BREACHED_BELOW
2025-08-06,Wednesday,August,9:00 AM - MARKET OPEN,India Today Business,BUY,27468.4,28500.73,27154.77,1:3.29,3.76%,BULLISH,Support Breach | Watch 25800,25899,26934,UPSIDE: 68 points,"Infrastructure boom | Larsen & Toubro, L&T Infotech gains",25899 - 26934,25899.0,26934.0,24641.35,24671.4,24539.2,24574.2,BREACHED_BELOW
2025-08-07,Thursday,August,9:00 AM - MARKET OPEN,India Today Business,SELL,27444.8,26568.6,27884.84,1:1.99,3.19%,NEUTRAL/BULLISH,Head & Shoulders | Downside Risk,25842,26847,DOWNSIDE: 93 points,"Chemical sector focus | Atul, Bayer gains on exports",25842 - 26847,25842.0,26847.0,24464.2,24634.2,24344.15,24596.15,BREACHED_BELOW
2025-08-08,Friday,August,9:00 AM - MARKET OPEN,India Today Business,BUY,27233.2,28367.0,26895.39,1:3.36,4.16%,MODERATELY BULLISH,Head & Shoulders | Downside Risk,25926,26835,UPSIDE: 90 points,Telecom strength | Bharti Airtel gains on tariff hikes,25926 - 26835,25926.0,26835.0,24544.25,24585.5,24337.5,24363.3,BREACHED_BELOW
2025-08-11,Monday,August,9:00 AM - MARKET OPEN,India Today Business,SELL,27204.6,26162.6,27628.61,1:2.46,3.83%,NEUTRAL,Breakout above 26500 | Momentum Building,25834,26960,DOWNSIDE: 118 points,DII support strong | Domestic funds accumulating,25834 - 26960,25834.0,26960.0,24371.5,24600.85,24347.45,24585.05,BREACHED_BELOW
2025-08-12,Tuesday,August,9:00 AM - MARKET OPEN,India Today Business,BUY,27090.0,28396.13,26750.94,1:3.85,4.82%,NEUTRAL/BULLISH,Golden Cross | Resistance at 27000,25918,26861,UPSIDE: 127 points,Telecom strength | Bharti Airtel gains on tariff hikes,25918 - 26861,25918.0,26861.0,24563.35,24702.6,24465.65,24487.4,BREACHED_BELOW
2025-08-13,Wednesday,August,9:00 AM - MARKET OPEN,India Today Business,SELL,27405.4,26185.56,27946.25,1:2.26,4.45%,BULLISH,Bollinger Bands Squeeze | Volatility Expected,25802,26911,DOWNSIDE: 96 points,"Chemical sector focus | Atul, Bayer gains on exports",25802 - 26911,25802.0,26911.0,24586.2,24664.55,24535.25,24619.35,BREACHED_BELOW
2025-08-14,Thursday,August,9:00 AM - MARKET OPEN,India Today Business,SELL,26696.8,25895.61,27105.04,1:1.96,3.0%,NEUTRAL/BULLISH,Triangle Breakout | Directional Move,25975,26955,DOWNSIDE: 181 points,"Realty sector gaining traction | DLF, Oberoi up",25975 - 26955,25975.0,26955.0,24607.25,24673.65,24596.9,24631.3,BREACHED_BELOW
2025-08-18,Monday,August,9:00 AM - MARKET OPEN,India Today Business,BUY,27246.2,28084.71,26864.72,1:2.2,3.08%,MODERATELY BULLISH,Bearish Divergence | Profit Taking,25948,26812,UPSIDE: 55 points,"Pharma rotation | Dr Reddy, Sun Pharma outperformers",25948 - 26812,25948.0,26812.0,24938.2,25022.0,24852.85,24876.95,BREACHED_BELOW
2025-08-19,Tuesday,August,9:00 AM - MARKET OPEN,India Today Business,SELL,26747.6,26102.72,27217.51,1:1.37,2.41%,NEUTRAL/BEARISH,Breakout above 26500 | Momentum Building,25927,26836,DOWNSIDE: 66 points,"Banking stocks driving rally | HDFC Bank, ICICI Bank, Axis Bank gains",25927 - 26836,25927.0,26836.0,24891.35,25012.65,24873.95,24980.65,BREACHED_BELOW
2025-08-20,Wednesday,August,9:00 AM - MARKET OPEN,India Today Business,SELL,27608.0,26851.48,27975.11,1:2.06,2.74%,STRONG BULLISH,Higher High-Higher Low | Bull Run Continues,25995,26989,DOWNSIDE: 64 points,"Infrastructure boom | Larsen & Toubro, L&T Infotech gains",25995 - 26989,25995.0,26989.0,24965.8,25088.7,24929.7,25050.55,BREACHED_BELOW
2025-08-21,Thursday,August,9:00 AM - MARKET OPEN,India Today Business,BUY,27269.4,28365.61,26904.18,1:3.0,4.02%,NEUTRAL/BULLISH,Breakout above 26500 | Momentum Building,25808,26814,UPSIDE: 141 points,"Pharma rotation | Dr Reddy, Sun Pharma outperformers",25808 - 26814,25808.0,26814.0,25142.0,25153.65,25054.9,25083.75,BREACHED_BELOW
2025-08-22,Friday,August,9:00 AM - MARKET OPEN,India Today Business,BUY,27379.8,28614.94,26881.65,1:2.48,4.51%,NEUTRAL/BULLISH,Bullish Engulfing | Support at 26000,25996,26972,UPSIDE: 145 points,FII flows remain positive | Foreign buying continues,25996 - 26972,25996.0,26972.0,25064.15,25084.85,24859.15,24870.1,BREACHED_BELOW
2025-08-25,Monday,August,9:00 AM - MARKET OPEN,India Today Business,SELL,27117.2,26223.73,27396.46,1:3.2,3.29%,STRONG BULLISH,Bearish Divergence | Profit Taking,25973,26922,DOWNSIDE: 121 points,Telecom strength | Bharti Airtel gains on tariff hikes,25973 - 26922,25973.0,26922.0,24949.15,25021.55,24894.35,24967.75,BREACHED_BELOW
2025-08-26,Tuesday,August,9:00 AM - MARKET OPEN,India Today Business,BUY,27145.6,28025.92,26652.13,1:1.78,3.24%,STRONG BULLISH,Triangle Breakout | Directional Move,25959,26918,UPSIDE: 53 points,"IT sector weakness capping gains | TCS, Infosys selling pressure",25959 - 26918,25959.0,26918.0,24899.5,24919.65,24689.6,24712.05,BREACHED_BELOW
2025-08-28,Thursday,August,9:00 AM - MARKET OPEN,India Today Business,BUY,26904.0,27727.51,26566.17,1:2.44,3.06%,NEUTRAL,Head & Shoulders | Downside Risk,25990,26844,UPSIDE: 146 points,FII flows remain positive | Foreign buying continues,25990 - 26844,25990.0,26844.0,24695.8,24702.65,24481.6,24500.9,BREACHED_BELOW
2025-08-29,Friday,August,9:00 AM - MARKET OPEN,India Today Business,SELL,27438.4,26859.2,27979.32,1:1.07,2.11%,NEUTRAL/BEARISH,Breakout above 26500 | Momentum Building,25886,26826,DOWNSIDE: 120 points,"Realty sector gaining traction | DLF, Oberoi up",25886 - 26826,25886.0,26826.0,24466.7,24572.45,24404.7,24426.85,BREACHED_BELOW
2025-09-01,Monday,September,9:00 AM - MARKET OPEN,India Today Business,SELL,27040.8,26499.39,27547.79,1:1.07,2.0%,NEUTRAL,Double Bottom | Reversal Expected,25926,26955,DOWNSIDE: 102 points,"Metals weakness | Tata Steel, JSW Steel under pressure",25926 - 26955,25926.0,26955.0,24432.7,24635.6,24432.7,24625.05,BREACHED_BELOW
2025-09-02,Tuesday,September,9:00 AM - MARKET OPEN,India Today Business,SELL,26764.2,26170.45,27206.51,1:1.34,2.22%,NEUTRAL/BEARISH,Moving Average Crossover | Trend Change,25800,26856,DOWNSIDE: 153 points,"Metals weakness | Tata Steel, JSW Steel under pressure",25800 - 26856,25800.0,26856.0,24653.0,24756.1,24522.35,24579.6,BREACHED_BELOW
2025-09-03,Wednesday,September,9:00 AM - MARKET OPEN,India Today Business,BUY,27102.6,28266.33,26691.18,1:2.83,4.29%,NEUTRAL,Head & Shoulders | Downside Risk,25899,26840,UPSIDE: 177 points,"Banking stocks driving rally | HDFC Bank, ICICI Bank, Axis Bank gains",25899 - 26840,25899.0,26840.0,24616.5,24737.05,24533.2,24715.05,BREACHED_BELOW
2025-09-04,Thursday,September,9:00 AM - MARKET OPEN,India Today Business,SELL,27122.0,26306.17,27549.32,1:1.91,3.01%,MODERATELY BULLISH,Higher High-Higher Low | Bull Run Continues,25831,26917,DOWNSIDE: 79 points,Cement stocks stable | UltraTech holding ground,25831 - 26917,25831.0,26917.0,24980.75,24980.75,24708.2,24734.3,BREACHED_BELOW
2025-09-05,Friday,September,9:00 AM - MARKET OPEN,India Today Business,SELL,27444.4,26532.11,27869.46,1:2.15,3.32%,NEUTRAL,Breakout above 26500 | Momentum Building,25977,26876,DOWNSIDE: 53 points,Cement stocks stable | UltraTech holding ground,25977 - 26876,25977.0,26876.0,24818.85,24832.35,24621.6,24741.0,BREACHED_BELOW
2025-09-08,Monday,September,9:00 AM - MARKET OPEN,India Today Business,BUY,27107.8,27666.77,26760.23,1:1.61,2.06%,NEUTRAL/BULLISH,Higher High-Higher Low | Bull Run Continues,25911,26879,UPSIDE: 186 points,Telecom strength | Bharti Airtel gains on tariff hikes,25911 - 26879,25911.0,26879.0,24802.6,24885.5,24751.55,24773.15,BREACHED_BELOW
2025-09-09,Tuesday,September,9:00 AM - MARKET OPEN,India Today Business,SELL,27394.2,26639.22,27868.3,1:1.59,2.76%,NEUTRAL,Head & Shoulders | Downside Risk,26000,26833,DOWNSIDE: 177 points,"Chemical sector focus | Atul, Bayer gains on exports",26000 - 26833,26000.0,26833.0,24864.1,24891.8,24814.0,24868.6,BREACHED_BELOW
2025-09-10,Wednesday,September,9:00 AM - MARKET OPEN,India Today Business,SELL,26756.6,25754.84,27291.33,1:1.87,3.74%,NEUTRAL/BULLISH,Double Bottom | Reversal Expected,25939,26802,DOWNSIDE: 184 points,Q3 earnings season | Corporate profits robust,25939 - 26802,25939.0,26802.0,24991.0,25035.7,24915.05,24973.1,BREACHED_BELOW
2025-09-11,Thursday,September,9:00 AM - MARKET OPEN,India Today Business,SELL,27354.0,26492.44,27848.38,1:1.74,3.15%,MODERATELY BULLISH,Triangle Breakout | Directional Move,25959,26947,DOWNSIDE: 73 points,Cement stocks stable | UltraTech holding ground,25959 - 26947,25959.0,26947.0,24945.5,25037.3,24940.15,25005.5,BREACHED_BELOW
2025-09-12,Friday,September,9:00 AM - MARKET OPEN,India Today Business,BUY,26763.4,27455.85,26393.51,1:1.87,2.59%,BULLISH,Head & Shoulders | Downside Risk,25848,26926,UPSIDE: 73 points,"Metals weakness | Tata Steel, JSW Steel under pressure",25848 - 26926,25848.0,26926.0,25074.45,25139.45,25038.05,25114.0,BREACHED_BELOW
2025-09-15,Monday,September,9:00 AM - MARKET OPEN,India Today Business,BUY,27576.8,28761.01,27100.94,1:2.49,4.29%,BULLISH,Bollinger Bands Squeeze | Volatility Expected,25881,26815,UPSIDE: 87 points,Energy stocks leading | Oil majors positive on crude rally,25881 - 26815,25881.0,26815.0,25118.9,25138.45,25048.75,25069.2,BREACHED_BELOW
2025-09-17,Wednesday,September,9:00 AM - MARKET OPEN,India Today Business,SELL,27047.2,25709.13,27455.72,1:3.28,4.95%,NEUTRAL/BULLISH,Breakout above 26500 | Momentum Building,25843,26834,DOWNSIDE: 144 points,"Infrastructure boom | Larsen & Toubro, L&T Infotech gains",25843 - 26834,25843.0,26834.0,25276.6,25346.5,25275.35,25330.25,BREACHED_BELOW
2025-09-18,Thursday,September,9:00 AM - MARKET OPEN,India Today Business,SELL,27373.6,26727.73,27827.24,1:1.42,2.36%,BULLISH,Breakout above 26500 | Momentum Building,25912,26855,DOWNSIDE: 128 points,"Banking stocks driving rally | HDFC Bank, ICICI Bank, Axis Bank gains",25912 - 26855,25912.0,26855.0,25441.05,25448.55,25329.75,25423.6,BREACHED_BELOW
2025-09-19,Friday,September,9:00 AM - MARKET OPEN,India Today Business,SELL,26901.0,25944.71,27329.83,1:2.23,3.55%,NEUTRAL/BULLISH,Bollinger Bands Squeeze | Volatility Expected,25894,26985,DOWNSIDE: 94 points,"Banking stocks driving rally | HDFC Bank, ICICI Bank, Axis Bank gains",25894 - 26985,25894.0,26985.0,25410.2,25431.4,25286.3,25327.05,BREACHED_BELOW
2025-09-22,Monday,September,9:00 AM - MARKET OPEN,India Today Business,BUY,27365.4,28217.99,26946.82,1:2.04,3.12%,MODERATELY BULLISH,Double Bottom | Reversal Expected,25811,26913,UPSIDE: 182 points,DII support strong | Domestic funds accumulating,25811 - 26913,25811.0,26913.0,25238.1,25331.7,25151.05,25202.35,BREACHED_BELOW
2025-09-23,Tuesday,September,9:00 AM - MARKET OPEN,India Today Business,SELL,26960.8,25853.93,27461.77,1:2.21,4.11%,NEUTRAL,Triangle Breakout | Directional Move,25878,26976,DOWNSIDE: 60 points,Q3 earnings season | Corporate profits robust,25878 - 26976,25878.0,26976.0,25209.0,25261.9,25084.65,25169.5,BREACHED_BELOW
2025-09-24,Wednesday,September,9:00 AM - MARKET OPEN,India Today Business,BUY,27575.2,28547.74,27222.46,1:2.76,3.53%,NEUTRAL,Head & Shoulders | Downside Risk,25969,26831,UPSIDE: 177 points,"IT sector weakness capping gains | TCS, Infosys selling pressure",25969 - 26831,25969.0,26831.0,25108.75,25149.85,25027.45,25056.9,BREACHED_BELOW
2025-09-25,Thursday,September,9:00 AM - MARKET OPEN,India Today Business,BUY,27334.6,27911.55,26926.31,1:1.41,2.11%,BULLISH,Head & Shoulders | Downside Risk,25896,26813,UPSIDE: 172 points,Energy stocks leading | Oil majors positive on crude rally,25896 - 26813,25896.0,26813.0,25034.5,25092.7,24878.3,24890.85,BREACHED_BELOW
2025-09-26,Friday,September,9:00 AM - MARKET OPEN,India Today Business,SELL,26842.0,25577.01,27258.38,1:3.04,4.71%,NEUTRAL,Triangle Breakout | Directional Move,25870,26852,DOWNSIDE: 61 points,DII support strong | Domestic funds accumulating,25870 - 26852,25870.0,26852.0,24818.55,24868.6,24629.45,24654.7,BREACHED_BELOW
2025-09-29,Monday,September,9:00 AM - MARKET OPEN,India Today Business,BUY,26838.4,27595.33,26461.65,1:2.01,2.82%,MODERATELY BULLISH,Higher High-Higher Low | Bull Run Continues,25856,26923,UPSIDE: 156 points,"Pharma rotation | Dr Reddy, Sun Pharma outperformers",25856 - 26923,25856.0,26923.0,24728.55,24791.3,24606.2,24634.9,BREACHED_BELOW
2025-09-30,Tuesday,September,9:00 AM - MARKET OPEN,India Today Business,SELL,27046.8,26257.84,27351.51,1:2.59,2.92%,STRONG BULLISH,Golden Cross | Resistance at 27000,25904,26858,DOWNSIDE: 81 points,"Pharma rotation | Dr Reddy, Sun Pharma outperformers",25904 - 26858,25904.0,26858.0,24691.95,24731.8,24587.7,24611.1,BREACHED_BELOW
2025-10-01,Wednesday,October,9:00 AM - MARKET OPEN,India Today Business,SELL,27332.2,26496.58,27754.76,1:1.98,3.06%,MODERATELY BULLISH,Bollinger Bands Squeeze | Volatility Expected,25828,26956,DOWNSIDE: 198 points,"FMCG holding support | ITC, HUL steady amid volatility",25828 - 26956,25828.0,26956.0,24620.55,24867.95,24605.95,24836.3,BREACHED_BELOW
2025-10-03,Friday,October,9:00 AM - MARKET OPEN,India Today Business,SELL,27237.6,26132.64,27731.81,1:2.24,4.06%,BULLISH,Triangle Breakout | Directional Move,25924,26819,DOWNSIDE: 110 points,Energy stocks leading | Oil majors positive on crude rally,25924 - 26819,25924.0,26819.0,24759.55,24904.8,24747.55,24894.25,BREACHED_BELOW
2025-10-06,Monday,October,9:00 AM - MARKET OPEN,India Today Business,BUY,27125.0,28020.6,26725.43,1:2.24,3.3%,BULLISH,RSI Overbought | Consolidation Zone,25808,26808,UPSIDE: 175 points,"Auto sector rally on festival demand | Maruti, Bajaj strong",25808 - 26808,25808.0,26808.0,24916.55,25095.95,24881.65,25077.65,BREACHED_BELOW
2025-10-07,Tuesday,October,9:00 AM - MARKET OPEN,India Today Business,SELL,26911.4,25911.52,27356.46,1:2.25,3.72%,STRONG BULLISH,Bearish Divergence | Profit Taking,25884,26862,DOWNSIDE: 83 points,Telecom strength | Bharti Airtel gains on tariff hikes,25884 - 26862,25884.0,26862.0,25085.3,25220.9,25076.3,25108.3,BREACHED_BELOW
2025-10-08,Wednesday,October,9:00 AM - MARKET OPEN,India Today Business,BUY,27195.8,27801.18,26783.93,1:1.47,2.23%,NEUTRAL,Triangle Breakout | Directional Move,25841,26900,UPSIDE: 114 points,Cement stocks stable | UltraTech holding ground,25841 - 26900,25841.0,26900.0,25079.75,25192.5,25008.5,25046.15,BREACHED_BELOW
2025-10-09,Thursday,October,9:00 AM - MARKET OPEN,India Today Business,BUY,27097.2,27893.04,26592.27,1:1.58,2.94%,BULLISH,Bollinger Bands Squeeze | Volatility Expected,25808,26888,UPSIDE: 175 points,"IT sector weakness capping gains | TCS, Infosys selling pressure",25808 - 26888,25808.0,26888.0,25074.3,25199.25,25024.3,25181.8,BREACHED_BELOW
2025-10-10,Friday,October,9:00 AM - MARKET OPEN,India Today Business,BUY,27723.6,29047.43,27371.62,1:3.76,4.78%,NEUTRAL,Bearish Divergence | Profit Taking,25823,26931,UPSIDE: 154 points,Cement stocks stable | UltraTech holding ground,25823 - 26931,25823.0,26931.0,25167.65,25330.75,25156.85,25285.35,BREACHED_BELOW
2025-10-13,Monday,October,9:00 AM - MARKET OPEN,India Today Business,SELL,26943.0,25644.65,27368.62,1:3.05,4.82%,MODERATELY BULLISH,Higher High-Higher Low | Bull Run Continues,25922,26849,DOWNSIDE: 152 points,"Banking stocks driving rally | HDFC Bank, ICICI Bank, Axis Bank gains",25922 - 26849,25922.0,26849.0,25177.3,25267.3,25152.3,25227.35,BREACHED_BELOW
2025-10-14,Tuesday,October,9:00 AM - MARKET OPEN,India Today Business,SELL,27081.4,26351.27,27429.65,1:2.1,2.7%,MODERATELY BULLISH,Moving Average Crossover | Trend Change,25821,26961,DOWNSIDE: 195 points,"Infrastructure boom | Larsen & Toubro, L&T Infotech gains",25821 - 26961,25821.0,26961.0,25277.55,25310.35,25060.55,25145.5,BREACHED_BELOW
2025-10-15,Wednesday,October,9:00 AM - MARKET OPEN,India Today Business,BUY,27084.8,27904.5,26651.68,1:1.89,3.03%,MODERATELY BULLISH,Triangle Breakout | Directional Move,25953,26935,UPSIDE: 158 points,Cement stocks stable | UltraTech holding ground,25953 - 26935,25953.0,26935.0,25181.95,25365.15,25159.35,25323.55,BREACHED_BELOW
2025-10-16,Thursday,October,9:00 AM - MARKET OPEN,India Today Business,SELL,27007.2,25701.1,27349.17,1:3.82,4.84%,NEUTRAL/BULLISH,Bearish Divergence | Profit Taking,25801,26987,DOWNSIDE: 120 points,"Pharma rotation | Dr Reddy, Sun Pharma outperformers",25801 - 26987,25801.0,26987.0,25394.9,25625.4,25376.85,25585.3,BREACHED_BELOW
2025-10-17,Friday,October,9:00 AM - MARKET OPEN,India Today Business,SELL,27173.6,26022.54,27566.68,1:2.93,4.24%,BULLISH,Support Breach | Watch 25800,25855,26873,DOWNSIDE: 143 points,"Infrastructure boom | Larsen & Toubro, L&T Infotech gains",25855 - 26873,25855.0,26873.0,25546.85,25781.5,25508.6,25709.85,BREACHED_BELOW
2025-10-20,Monday,October,9:00 AM - MARKET OPEN,India Today Business,SELL,27028.0,26186.63,27358.17,1:2.55,3.11%,MODERATELY BULLISH,Double Bottom | Reversal Expected,25809,26927,DOWNSIDE: 116 points,"Metals weakness | Tata Steel, JSW Steel under pressure",25809 - 26927,25809.0,26927.0,25824.6,25926.2,25788.5,25843.15,BREACHED_BELOW
2025-10-21,Tuesday,October,9:00 AM - MARKET OPEN,India Today Business,BUY,27728.4,28921.39,27390.52,1:3.53,4.3%,NEUTRAL,Bullish Engulfing | Support at 26000,25958,26819,UPSIDE: 83 points,"Auto sector rally on festival demand | Maruti, Bajaj strong",25958 - 26819,25958.0,26819.0,25901.2,25934.35,25825.8,25868.6,BREACHED_BELOW
2025-10-22,Wednesday,October,9:00 AM - MARKET OPEN,India Today Business,SELL,27884.8,26609.88,28437.55,1:2.31,4.57%,STRONG BULLISH,Head & Shoulders | Downside Risk,25896,26818,DOWNSIDE: 99 points,Q3 earnings season | Corporate profits robust,25896 - 26818,25896.0,26818.0,,,,,NO_DATA
2025-10-23,Thursday,October,9:00 AM - MARKET OPEN,India Today Business,BUY,27019.2,27997.59,26508.15,1:1.91,3.62%,MODERATELY BULLISH,Bearish Divergence | Profit Taking,25800,26830,UPSIDE: 92 points,"FMCG holding support | ITC, HUL steady amid volatility",25800 - 26830,25800.0,26830.0,26057.2,26104.2,25862.45,25891.4,WITHIN_RANGE
2025-10-24,Friday,October,9:00 AM - MARKET OPEN,India Today Business,BUY,27857.6,29210.35,27374.02,1:2.8,4.86%,STRONG BULLISH,Moving Average Crossover | Trend Change,25998,26983,UPSIDE: 150 points,Energy stocks leading | Oil majors positive on crude rally,25998 - 26983,25998.0,26983.0,25935.1,25944.15,25718.2,25795.15,BREACHED_BELOW
2025-10-27,Monday,October,9:00 AM - MARKET OPEN,India Today Business,SELL,27574.0,26464.16,28107.36,1:2.08,4.02%,BULLISH,Higher High-Higher Low | Bull Run Continues,25870,26842,DOWNSIDE: 170 points,"Metals weakness | Tata Steel, JSW Steel under pressure",25870 - 26842,25870.0,26842.0,25843.2,26005.95,25827.0,25966.05,BREACHED_BELOW
2025-10-28,Tuesday,October,9:00 AM - MARKET OPEN,India Today Business,SELL,27700.4,26448.51,28165.25,1:2.69,4.52%,STRONG BULLISH,Breakout above 26500 | Momentum Building,25988,26874,DOWNSIDE: 143 points,Energy stocks leading | Oil majors positive on crude rally,25988 - 26874,25988.0,26874.0,25939.95,26041.7,25810.05,25936.2,BREACHED_BELOW
2025-10-29,Wednesday,October,9:00 AM - MARKET OPEN,India Today Business,BUY,27832.8,28721.93,27330.48,1:1.77,3.19%,NEUTRAL/BULLISH,Golden Cross | Resistance at 27000,25960,26924,UPSIDE: 67 points,Cement stocks stable | UltraTech holding ground,25960 - 26924,25960.0,26924.0,25982.0,26097.85,25960.3,26053.9,WITHIN_RANGE
2025-10-30,Thursday,October,9:00 AM - MARKET OPEN,India Today Business,BUY,27066.2,28276.0,26677.8,1:3.11,4.47%,NEUTRAL,Head & Shoulders | Downside Risk,25987,26959,UPSIDE: 94 points,"Metals weakness | Tata Steel, JSW Steel under pressure",25987 - 26959,25987.0,26959.0,25984.4,26032.05,25845.25,25877.85,BREACHED_BELOW
2025-11-03,Monday,November,9:00 AM - MARKET OPEN,India Today Business,BUY,27300.6,28624.93,26786.61,1:2.58,4.85%,NEUTRAL,Bearish Divergence | Profit Taking,25845,26831,UPSIDE: 139 points,"Metals weakness | Tata Steel, JSW Steel under pressure",25845 - 26831,25845.0,26831.0,25696.85,25803.1,25645.5,25763.35,BREACHED_BELOW
2025-11-04,Tuesday,November,9:00 AM - MARKET OPEN,India Today Business,BUY,27410.0,28332.15,26982.48,1:2.16,3.36%,NEUTRAL,Higher High-Higher Low | Bull Run Continues,25827,26953,UPSIDE: 165 points,"IT sector weakness capping gains | TCS, Infosys selling pressure",25827 - 26953,25827.0,26953.0,25744.75,25787.4,25578.4,25597.65,BREACHED_BELOW
2025-11-05,Wednesday,November,9:00 AM - MARKET OPEN,India Today Business,BUY,27066.4,28349.88,26683.53,1:3.35,4.74%,STRONG BULLISH,Bollinger Bands Squeeze | Volatility Expected,25834,26843,UPSIDE: 71 points,"Auto sector rally on festival demand | Maruti, Bajaj strong",25834 - 26843,25834.0,26843.0,,,,,NO_DATA
2025-11-06,Thursday,November,9:00 AM - MARKET OPEN,India Today Business,SELL,27816.8,27026.84,28119.81,1:2.61,2.84%,STRONG BULLISH,RSI Overbought | Consolidation Zone,25918,26918,DOWNSIDE: 71 points,"Auto sector rally on festival demand | Maruti, Bajaj strong",25918 - 26918,25918.0,26918.0,25593.35,25679.15,25491.55,25509.7,BREACHED_BELOW
2025-11-07,Friday,November,9:00 AM - MARKET OPEN,India Today Business,BUY,27598.2,28437.5,27085.89,1:1.64,3.04%,NEUTRAL/BULLISH,Bullish Engulfing | Support at 26000,25920,26909,UPSIDE: 113 points,Energy stocks leading | Oil majors positive on crude rally,25920 - 26909,25920.0,26909.0,25433.8,25551.25,25318.45,25492.3,BREACHED_BELOW
2025-11-10,Monday,November,9:00 AM - MARKET OPEN,India Today Business,BUY,27247.6,27978.61,26759.8,1:1.5,2.68%,NEUTRAL/BULLISH,Double Bottom | Reversal Expected,25857,26804,UPSIDE: 113 points,FII flows remain positive | Foreign buying continues,25857 - 26804,25857.0,26804.0,25503.5,25653.45,25503.5,25574.35,BREACHED_BELOW
2025-11-11,Tuesday,November,9:00 AM - MARKET OPEN,India Today Business,BUY,27942.0,28819.02,27489.22,1:1.94,3.14%,NEUTRAL/BULLISH,Moving Average Crossover | Trend Change,25964,26974,UPSIDE: 144 points,"Auto sector rally on festival demand | Maruti, Bajaj strong",25964 - 26974,25964.0,26974.0,25617.0,25715.8,25449.25,25694.95,BREACHED_BELOW
2025-11-12,Wednesday,November,9:00 AM - MARKET OPEN,India Today Business,SELL,27676.4,27004.64,28072.66,1:1.7,2.43%,NEUTRAL/BULLISH,Double Bottom | Reversal Expected,25925,26857,DOWNSIDE: 61 points,Cement stocks stable | UltraTech holding ground,25925 - 26857,25925.0,26857.0,25834.3,25934.55,25781.15,25875.8,BREACHED_BELOW
2025-11-13,Thursday,November,9:00 AM - MARKET OPEN,India Today Business,SELL,27079.8,26026.19,27587.17,1:2.08,3.89%,BULLISH,Bullish Engulfing | Support at 26000,25848,26864,DOWNSIDE: 164 points,Telecom strength | Bharti Airtel gains on tariff hikes,25848 - 26864,25848.0,26864.0,25906.1,26010.7,25808.4,25879.15,BREACHED_BELOW
2025-11-14,Friday,November,9:00 AM - MARKET OPEN,India Today Business,BUY,27111.2,27838.16,26706.08,1:1.79,2.68%,BULLISH,Bullish Engulfing | Support at 26000,25881,26921,UPSIDE: 116 points,Telecom strength | Bharti Airtel gains on tariff hikes,25881 - 26921,25881.0,26921.0,25767.9,25940.2,25740.8,25910.05,BREACHED_BELOW
2025-11-17,Monday,November,9:00 AM - MARKET OPEN,India Today Business,SELL,27479.6,26576.8,27972.64,1:1.83,3.29%,BULLISH,Support Breach | Watch 25800,25893,26907,DOWNSIDE: 90 points,Energy stocks leading | Oil majors positive on crude rally,25893 - 26907,25893.0,26907.0,25948.2,26024.2,25906.35,26013.45,WITHIN_RANGE
2025-11-18,Tuesday,November,9:00 AM - MARKET OPEN,India Today Business,SELL,27998.0,26827.66,28349.23,1:3.33,4.18%,MODERATELY BULLISH,Higher High-Higher Low | Bull Run Continues,25985,26965,DOWNSIDE: 72 points,Cement stocks stable | UltraTech holding ground,25985 - 26965,25985.0,26965.0,26021.8,26029.85,25876.5,25910.05,BREACHED_BELOW
2025-11-19,Wednesday,November,9:00 AM - MARKET OPEN,India Today Business,SELL,27100.4,26248.64,27640.08,1:1.58,3.14%,NEUTRAL/BULLISH,Golden Cross | Resistance at 27000,25995,26961,DOWNSIDE: 134 points,"Metals weakness | Tata Steel, JSW Steel under pressure",25995 - 26961,25995.0,26961.0,25918.1,26074.65,25856.2,26052.65,BREACHED_BELOW
2025-11-20,Thursday,November,9:00 AM - MARKET OPEN,India Today Business,SELL,27181.8,26525.56,27719.83,1:1.22,2.41%,BULLISH,RSI Overbought | Consolidation Zone,25984,26802,DOWNSIDE: 91 points,"Banking stocks driving rally | HDFC Bank, ICICI Bank, Axis Bank gains",25984 - 26802,25984.0,26802.0,26132.1,26246.65,26063.2,26192.15,WITHIN_RANGE
2025-11-21,Friday,November,9:00 AM - MARKET OPEN,India Today Business,SELL,27723.2,27085.47,28009.05,1:2.23,2.3%,MODERATELY BULLISH,Golden Cross | Resistance at 27000,25838,26964,DOWNSIDE: 81 points,Telecom strength | Bharti Airtel gains on tariff hikes,25838 - 26964,25838.0,26964.0,26109.55,26179.2,26052.2,26068.15,WITHIN_RANGE
2025-11-24,Monday,November,9:00 AM - MARKET OPEN,India Today Business,BUY,27329.6,27960.26,26937.91,1:1.61,2.31%,STRONG BULLISH,Bullish Engulfing | Support at 26000,25861,26957,UPSIDE: 128 points,Q3 earnings season | Corporate profits robust,25861 - 26957,25861.0,26957.0,26122.8,26142.8,25912.15,25959.5,WITHIN_RANGE
2025-11-25,Tuesday,November,9:00 AM - MARKET OPEN,India Today Business,BUY,28054.0,28639.31,27659.72,1:1.48,2.09%,NEUTRAL/BULLISH,Golden Cross | Resistance at 27000,25824,26944,UPSIDE: 187 points,"FMCG holding support | ITC, HUL steady amid volatility",25824 - 26944,25824.0,26944.0,25998.5,26032.6,25857.5,25884.8,WITHIN_RANGE
2025-11-26,Wednesday,November,9:00 AM - MARKET OPEN,India Today Business,BUY,27798.4,28767.35,27469.84,1:2.95,3.49%,NEUTRAL/BULLISH,Moving Average Crossover | Trend Change,25863,26878,UPSIDE: 158 points,"Metals weakness | Tata Steel, JSW Steel under pressure",25863 - 26878,25863.0,26878.0,25842.95,26215.15,25842.95,26205.3,BREACHED_BELOW
2025-11-27,Thursday,November,9:00 AM - MARKET OPEN,India Today Business,BUY,28004.8,29347.36,27445.91,1:2.4,4.79%,MODERATELY BULLISH,RSI Overbought | Consolidation Zone,25828,26954,UPSIDE: 150 points,DII support strong | Domestic funds accumulating,25828 - 26954,25828.0,26954.0,26261.25,26310.45,26141.9,26215.55,WITHIN_RANGE
2025-11-28,Friday,November,9:00 AM - MARKET OPEN,India Today Business,SELL,27668.2,26601.01,28209.79,1:1.97,3.86%,STRONG BULLISH,Bollinger Bands Squeeze | Volatility Expected,25948,26830,DOWNSIDE: 51 points,"Realty sector gaining traction | DLF, Oberoi up",25948 - 26830,25948.0,26830.0,26237.45,26280.75,26172.4,26202.95,WITHIN_RANGE
2025-12-01,Monday,December,9:00 AM - MARKET OPEN,India Today Business,SELL,27763.6,26743.5,28175.26,1:2.48,3.67%,NEUTRAL/BULLISH,RSI Overbought | Consolidation Zone,25837,26924,DOWNSIDE: 98 points,"IT sector weakness capping gains | TCS, Infosys selling pressure",25837 - 26924,25837.0,26924.0,,,,,NO_DATA
